-- MySQL dump 10.13  Distrib 5.7.16, for Linux (x86_64)
--
-- Host: localhost    Database: sdc
-- ------------------------------------------------------
-- Server version	5.7.13-0ubuntu0.16.04.2

/*!40101 SET @OLD_CHARACTER_SET_CLIENT=@@CHARACTER_SET_CLIENT */;
/*!40101 SET @OLD_CHARACTER_SET_RESULTS=@@CHARACTER_SET_RESULTS */;
/*!40101 SET @OLD_COLLATION_CONNECTION=@@COLLATION_CONNECTION */;
/*!40101 SET NAMES utf8 */;
/*!40103 SET @OLD_TIME_ZONE=@@TIME_ZONE */;
/*!40103 SET TIME_ZONE='+00:00' */;
/*!40014 SET @OLD_UNIQUE_CHECKS=@@UNIQUE_CHECKS, UNIQUE_CHECKS=0 */;
/*!40014 SET @OLD_FOREIGN_KEY_CHECKS=@@FOREIGN_KEY_CHECKS, FOREIGN_KEY_CHECKS=0 */;
/*!40101 SET @OLD_SQL_MODE=@@SQL_MODE, SQL_MODE='NO_AUTO_VALUE_ON_ZERO' */;
/*!40111 SET @OLD_SQL_NOTES=@@SQL_NOTES, SQL_NOTES=0 */;

--
-- Table structure for table `usms_attendance`
--

DROP TABLE IF EXISTS `usms_attendance`;
/*!40101 SET @saved_cs_client     = @@character_set_client */;
/*!40101 SET character_set_client = utf8 */;
CREATE TABLE `usms_attendance` (
  `attendance_id` int(4) NOT NULL,
  `enroll_no` varchar(20) NOT NULL,
  `date_17_11_16` int(1) DEFAULT NULL,
  PRIMARY KEY (`attendance_id`,`enroll_no`)
) ENGINE=InnoDB DEFAULT CHARSET=latin1;
/*!40101 SET character_set_client = @saved_cs_client */;

--
-- Dumping data for table `usms_attendance`
--

LOCK TABLES `usms_attendance` WRITE;
/*!40000 ALTER TABLE `usms_attendance` DISABLE KEYS */;
INSERT INTO `usms_attendance` VALUES (1,'1016603916',1),(1,'6016603916',1),(1,'6116603916',1),(1,'7116603916',1),(1,'8116603916',1),(1,'9116603916',1);
/*!40000 ALTER TABLE `usms_attendance` ENABLE KEYS */;
UNLOCK TABLES;

--
-- Table structure for table `usms_batch_allocation`
--

DROP TABLE IF EXISTS `usms_batch_allocation`;
/*!40101 SET @saved_cs_client     = @@character_set_client */;
/*!40101 SET character_set_client = utf8 */;
CREATE TABLE `usms_batch_allocation` (
  `batch_id` int(3) NOT NULL,
  `course` varchar(100) NOT NULL,
  `stream` varchar(100) NOT NULL,
  `semester` int(2) NOT NULL,
  PRIMARY KEY (`batch_id`)
) ENGINE=InnoDB DEFAULT CHARSET=latin1;
/*!40101 SET character_set_client = @saved_cs_client */;

--
-- Dumping data for table `usms_batch_allocation`
--

LOCK TABLES `usms_batch_allocation` WRITE;
/*!40000 ALTER TABLE `usms_batch_allocation` DISABLE KEYS */;
INSERT INTO `usms_batch_allocation` VALUES (1,'MBA','GENERALAB',1),(2,'MBA','GENERALCD',1),(3,'MBA','GENERALEF',3),(4,'MBA','GENERALGH',3),(5,'MBA','FM',1),(6,'MBA','FM',2),(7,'MBA','FM',3),(8,'MBA','FM',4),(9,'BTECH-MBA','GENERAL',7),(10,'BTECH-MBA','GENERAL',9);
/*!40000 ALTER TABLE `usms_batch_allocation` ENABLE KEYS */;
UNLOCK TABLES;

--
-- Table structure for table `usms_student_2012`
--

DROP TABLE IF EXISTS `usms_student_2012`;
/*!40101 SET @saved_cs_client     = @@character_set_client */;
/*!40101 SET character_set_client = utf8 */;
CREATE TABLE `usms_student_2012` (
  `enrollment_no` varchar(20) NOT NULL,
  `name` varchar(100) NOT NULL,
  `email` varchar(100) DEFAULT NULL,
  `phone` varchar(100) DEFAULT NULL,
  `year_of_admission` int(4) NOT NULL,
  `password` varchar(200) NOT NULL,
  `course` varchar(100) NOT NULL,
  `stream` varchar(100) NOT NULL,
  PRIMARY KEY (`enrollment_no`)
) ENGINE=InnoDB DEFAULT CHARSET=latin1;
/*!40101 SET character_set_client = @saved_cs_client */;

--
-- Dumping data for table `usms_student_2012`
--

LOCK TABLES `usms_student_2012` WRITE;
/*!40000 ALTER TABLE `usms_student_2012` DISABLE KEYS */;
INSERT INTO `usms_student_2012` VALUES ('1016001312','Apoorva Singh','singh_apoorva@yahoo.in','9891361047',2012,'98f6bcd4621d373cade4e832627b4f6','BTECH-MBA','GENERAL'),('1916001312','Anupama Pawar','anupama.pawar94@gmail.com','9717927961',2012,'98f6bcd4621d373cade4e832627b4f6','BTECH-MBA','GENERAL'),('4116001312','Soumya Deorari','soumyadeorari@hotmail.com','9873125602',2012,'98f6bcd4621d373cade4e832627b4f6','BTECH-MBA','GENERAL'),('6116001312','Dolly Mittal','dollymittal10@gmail.com','9540961264',2012,'98f6bcd4621d373cade4e832627b4f6','BTECH-MBA','GENERAL'),('6616001312','Rashmi Kumari','rk140994@gmail.com','8802549569',2012,'98f6bcd4621d373cade4e832627b4f6','BTECH-MBA','GENERAL');
/*!40000 ALTER TABLE `usms_student_2012` ENABLE KEYS */;
UNLOCK TABLES;

--
-- Table structure for table `usms_student_2013`
--

DROP TABLE IF EXISTS `usms_student_2013`;
/*!40101 SET @saved_cs_client     = @@character_set_client */;
/*!40101 SET character_set_client = utf8 */;
CREATE TABLE `usms_student_2013` (
  `enrollment_no` varchar(20) NOT NULL,
  `name` varchar(100) NOT NULL,
  `email` varchar(100) DEFAULT NULL,
  `phone` varchar(100) DEFAULT NULL,
  `year_of_admission` int(4) NOT NULL,
  `password` varchar(200) NOT NULL,
  `course` varchar(100) NOT NULL,
  `stream` varchar(100) NOT NULL,
  PRIMARY KEY (`enrollment_no`)
) ENGINE=InnoDB DEFAULT CHARSET=latin1;
/*!40101 SET character_set_client = @saved_cs_client */;

--
-- Dumping data for table `usms_student_2013`
--

LOCK TABLES `usms_student_2013` WRITE;
/*!40000 ALTER TABLE `usms_student_2013` DISABLE KEYS */;
INSERT INTO `usms_student_2013` VALUES ('2116001313','SURBHI','surbhiagarwal965@gmail.com','9654857253',2013,'98f6bcd4621d373cade4e832627b4f6','BTECH-MBA','GENERAL'),('316100413','MOHAMMAD AZAD KHAN','azadkhan379@gmail.com','9910240742',2013,'98f6bcd4621d373cade4e832627b4f6','BTECH-MBA','GENERAL'),('3516001313','priyanka kumari','priyankakumari199386@gmail.com','9716693038',2013,'98f6bcd4621d373cade4e832627b4f6','BTECH-MBA','GENERAL'),('616100413','Luv Mehan','luvmehan@gmail.com','9999202862',2013,'98f6bcd4621d373cade4e832627b4f6','BTECH-MBA','GENERAL');
/*!40000 ALTER TABLE `usms_student_2013` ENABLE KEYS */;
UNLOCK TABLES;

--
-- Table structure for table `usms_student_2014`
--

DROP TABLE IF EXISTS `usms_student_2014`;
/*!40101 SET @saved_cs_client     = @@character_set_client */;
/*!40101 SET character_set_client = utf8 */;
CREATE TABLE `usms_student_2014` (
  `enrollment_no` varchar(20) NOT NULL,
  `name` varchar(100) NOT NULL,
  `email` varchar(100) DEFAULT NULL,
  `phone` varchar(100) DEFAULT NULL,
  `year_of_admission` int(4) NOT NULL,
  `password` varchar(200) NOT NULL,
  `course` varchar(100) NOT NULL,
  `stream` varchar(100) NOT NULL,
  PRIMARY KEY (`enrollment_no`)
) ENGINE=InnoDB DEFAULT CHARSET=latin1;
/*!40101 SET character_set_client = @saved_cs_client */;

--
-- Dumping data for table `usms_student_2014`
--

LOCK TABLES `usms_student_2014` WRITE;
/*!40000 ALTER TABLE `usms_student_2014` DISABLE KEYS */;
/*!40000 ALTER TABLE `usms_student_2014` ENABLE KEYS */;
UNLOCK TABLES;

--
-- Table structure for table `usms_student_2015`
--

DROP TABLE IF EXISTS `usms_student_2015`;
/*!40101 SET @saved_cs_client     = @@character_set_client */;
/*!40101 SET character_set_client = utf8 */;
CREATE TABLE `usms_student_2015` (
  `enrollment_no` varchar(20) NOT NULL,
  `name` varchar(100) NOT NULL,
  `email` varchar(100) DEFAULT NULL,
  `phone` varchar(100) DEFAULT NULL,
  `year_of_admission` int(4) NOT NULL,
  `password` varchar(200) NOT NULL,
  `course` varchar(100) NOT NULL,
  `stream` varchar(100) NOT NULL,
  PRIMARY KEY (`enrollment_no`)
) ENGINE=InnoDB DEFAULT CHARSET=latin1;
/*!40101 SET character_set_client = @saved_cs_client */;

--
-- Dumping data for table `usms_student_2015`
--

LOCK TABLES `usms_student_2015` WRITE;
/*!40000 ALTER TABLE `usms_student_2015` DISABLE KEYS */;
INSERT INTO `usms_student_2015` VALUES ('10016603915','Zeba Khan','kzeba194@gmail.com','8447390723',2015,'98f6bcd4621d373cade4e832627b4f6','MBA','GENERALGH'),('1016603915','Arushi Agrawal','arushi.agrawal06@gmail.com','971192881',2015,'98f6bcd4621d373cade4e832627b4f6','MBA','GENERALEF'),('1016659315','Avneet singh','avneet_singh9112@yahoo.in','9811861608',2015,'98f6bcd4621d373cade4e832627b4f6','MBA','FM'),('1116659315','Bhavna arora','Bhavnaarora1995@gmail.com','9013203726',2015,'98f6bcd4621d373cade4e832627b4f6','MBA','FM'),('116603915','Aanchal Gupta','gupta.aanchal30@gmail.com','9899290878',2015,'98f6bcd4621d373cade4e832627b4f6','MBA','GENERALEF'),('116659315','Amit kumar','Amit.tosh15@gmail.com','9582210807',2015,'98f6bcd4621d373cade4e832627b4f6','MBA','FM'),('1216603915','Ashutosh kumar semwal','ashuanki1993@gmail','8285600671',2015,'98f6bcd4621d373cade4e832627b4f6','MBA','GENERALEF'),('1316603915','AVINASH SINGH','avisingh1@outlook.com','9650826126',2015,'98f6bcd4621d373cade4e832627b4f6','MBA','GENERALEF'),('1316659315','Chhavi khandelwal','chhavi080@gmail.com','8860931234',2015,'98f6bcd4621d373cade4e832627b4f6','MBA','FM'),('1416603915','Ayush Jain','Aayush.jain0904@gmail.com','9711330174',2015,'98f6bcd4621d373cade4e832627b4f6','MBA','GENERALEF'),('1416659315','Deepak kumar','Kumar.deepakmanni@gmail.com','9013208062',2015,'98f6bcd4621d373cade4e832627b4f6','MBA','FM'),('1516603915','Bhagya Kumar','bhgkumar@gmail.com','9811197782',2015,'98f6bcd4621d373cade4e832627b4f6','MBA','GENERALEF'),('1516659315','Dhruv gupta','dhruvgupta6292@gmail.com','9990433433',2015,'98f6bcd4621d373cade4e832627b4f6','MBA','FM'),('1616603915','Bhavya Joshi','joshi.bhavya07@gmail.com',NULL,2015,'98f6bcd4621d373cade4e832627b4f6','MBA','GENERALEF'),('1616659315','Divyang jain','divyang.jain21@gmail.com','9953115634',2015,'98f6bcd4621d373cade4e832627b4f6','MBA','FM'),('1716603915','Chetan Raj Martolia ','Chetanmartolia@gmail.com ','8860217104',2015,'98f6bcd4621d373cade4e832627b4f6','MBA','GENERALEF'),('1716659315','Garima gupta','guptagarima818@gmail.com','9953947114',2015,'98f6bcd4621d373cade4e832627b4f6','MBA','FM'),('1816603915','Deepesh Kashyap','er.dkshyp@gmail.com','9717036007',2015,'98f6bcd4621d373cade4e832627b4f6','MBA','GENERALEF'),('1816659315','Gurleen kaur','gurleen7_elusive@yahoo.com','9560346639',2015,'98f6bcd4621d373cade4e832627b4f6','MBA','FM'),('1916659315','Himanshu aggarwal','himanshutheowner@gmail.com','9990011257',2015,'98f6bcd4621d373cade4e832627b4f6','MBA','FM'),('2016603915','Divya Arora','divyaghai93@gmail.com','9958122885',2015,'98f6bcd4621d373cade4e832627b4f6','MBA','GENERALEF'),('2016659315','Himanshu taank','taank.himanshu02@gmail.com','8285632332',2015,'98f6bcd4621d373cade4e832627b4f6','MBA','FM'),('2116603915','Eklovey Khanna','ekloveykhanna@gmail.com','9999085872',2015,'98f6bcd4621d373cade4e832627b4f6','MBA','GENERALEF'),('2116659315','Himanshu taneja','tanejahimanshu17@gmail.com','9899860119',2015,'98f6bcd4621d373cade4e832627b4f6','MBA','FM'),('216603915','Aastha katiha','aastha.katiha@gmail.com','9990146389',2015,'98f6bcd4621d373cade4e832627b4f6','MBA','GENERALEF'),('216659315','Amit sharma','Amit.sharma9293@gmail.com','8826715291',2015,'98f6bcd4621d373cade4e832627b4f6','MBA','FM'),('2216603915','Gaurav singh','gauravsingh.7192@gmail.com','9953905099',2015,'98f6bcd4621d373cade4e832627b4f6','MBA','GENERALEF'),('2216659315','Jasmine kaur','jasminek80@gmail.com','9654826228',2015,'98f6bcd4621d373cade4e832627b4f6','MBA','FM'),('2316603915','Gavish Narula','gavish.narula93@gmail.com','9871068478',2015,'98f6bcd4621d373cade4e832627b4f6','MBA','GENERALEF'),('2316659315','Kanchan negi','negi.kanchan03@gmail.com','8860877537',2015,'98f6bcd4621d373cade4e832627b4f6','MBA','FM'),('2416603915','Himanshu Chamoli ','himanshuchamo@gmail.com ','9910033668',2015,'98f6bcd4621d373cade4e832627b4f6','MBA','GENERALEF'),('2516603915','Iram Parveen','iramkhan851@gmail.com','9999209458',2015,'98f6bcd4621d373cade4e832627b4f6','MBA','GENERALEF'),('2616603915','Isha Thakur','isha_thakur80@yahoo.com','8527817059',2015,'98f6bcd4621d373cade4e832627b4f6','MBA','GENERALEF'),('2616659315','Kiran kumari','Kiransamlodhya001@gmail.com','9953323862',2015,'98f6bcd4621d373cade4e832627b4f6','MBA','FM'),('2716659315','Kirti budhwar','kirti2993@gmail.com','8587847850',2015,'98f6bcd4621d373cade4e832627b4f6','MBA','FM'),('2816603915','Jyoti Mittal','Jyo.mittal@gmail.com','9582092977',2015,'98f6bcd4621d373cade4e832627b4f6','MBA','GENERALEF'),('2816659315','Komal kaur','komalmudhar@yahoo.com','9999990541',2015,'98f6bcd4621d373cade4e832627b4f6','MBA','FM'),('2916603915','Kanchan','kanchanjatoliya1008@gmail.com','8860330755',2015,'98f6bcd4621d373cade4e832627b4f6','MBA','GENERALEF'),('2916659315','Lalit rana','lalitr74@gmail.com','9891910074',2015,'98f6bcd4621d373cade4e832627b4f6','MBA','FM'),('3016603915','Kartik Gupta','kartik.gupta194@gmail.com','9871231505',2015,'98f6bcd4621d373cade4e832627b4f6','MBA','GENERALEF'),('3016659315','Manish','manishsan94@gmail.com','9717680248',2015,'98f6bcd4621d373cade4e832627b4f6','MBA','FM'),('3116603915','Kesahv Solanki','keshav.solanki963@gmail.com','9711078435',2015,'98f6bcd4621d373cade4e832627b4f6','MBA','GENERALEF'),('316603915','ABHISHEK','abhishekojha94@gmail.com','8802178220',2015,'98f6bcd4621d373cade4e832627b4f6','MBA','GENERALEF'),('316659315','Aniruddh kumar rattan','rattan.aniruddh6@gmail.com','9971572667',2015,'98f6bcd4621d373cade4e832627b4f6','MBA','FM'),('3216603915','kritika','kritika.tutlani25@gmail.com','9911743328',2015,'98f6bcd4621d373cade4e832627b4f6','MBA','GENERALEF'),('3216659315','Mohnish sharma','mohnish.truebuddyme@gmail.com','9910221263',2015,'98f6bcd4621d373cade4e832627b4f6','MBA','FM'),('3316603915','Kritika Sethi','kritika5sethi@gmail. com','9868958480',2015,'98f6bcd4621d373cade4e832627b4f6','MBA','GENERALEF'),('3416603915','Kunal Chauhan','kunalchauhan1992@gmail.com','9811895996',2015,'98f6bcd4621d373cade4e832627b4f6','MBA','GENERALEF'),('3516603915','Lalit Kumar','lalitkumar@outlook.in','7073622906',2015,'98f6bcd4621d373cade4e832627b4f6','MBA','GENERALEF'),('3516659315','Prateek godara','prateekgodara10@gmail.com','9999219899',2015,'98f6bcd4621d373cade4e832627b4f6','MBA','FM'),('3616603915','Mayank Porio','mayankporio792@gmail.com','8588802427',2015,'98f6bcd4621d373cade4e832627b4f6','MBA','GENERALEF'),('3616659315','Rishika chaudhary','rishika.chaudhary93@gmail.com','8586007550',2015,'98f6bcd4621d373cade4e832627b4f6','MBA','FM'),('3716603915','Monika Sahal','monikasahal1993@gmail.com','8800998668',2015,'98f6bcd4621d373cade4e832627b4f6','MBA','GENERALEF'),('3716659315','Ritika chopra','ritikachopra67@gmail.com','8588069698',2015,'98f6bcd4621d373cade4e832627b4f6','MBA','FM'),('3816603915','Muskan kapur','kapurmuskan07@gmail.com','9868057257',2015,'98f6bcd4621d373cade4e832627b4f6','MBA','GENERALEF'),('3816659315','Rohit negi','Negir117@gmail.com','8802427457',2015,'98f6bcd4621d373cade4e832627b4f6','MBA','FM'),('3916603915','Neha Chudasama','nehachudasama10@gmail.com','9999957669',2015,'98f6bcd4621d373cade4e832627b4f6','MBA','GENERALEF'),('3916659315','Saloni Choudhary','saloni8.1.choudhary@gmail.com','9910609123',2015,'98f6bcd4621d373cade4e832627b4f6','MBA','FM'),('40116603915','Kritika Ahuja','ahujakritika01@gmail.com','9999473617',2015,'98f6bcd4621d373cade4e832627b4f6','MBA','GENERALGH'),('40116659315','Tilak raj','tilak1206@gmail.com','9873120827',2015,'98f6bcd4621d373cade4e832627b4f6','MBA','FM'),('4016603915','Neha Gupta','nehagupta93.ng@gmail.com','9953781347',2015,'98f6bcd4621d373cade4e832627b4f6','MBA','GENERALEF'),('4016659315','Sanjeev singh mehra','sanjeevmehra9899.sm@gmail.com','8527156133',2015,'98f6bcd4621d373cade4e832627b4f6','MBA','FM'),('40216659315','Khushboo chauhan','khushboochauhan@live.in','8285530941',2015,'98f6bcd4621d373cade4e832627b4f6','MBA','FM'),('4116603915','Neha Lall','nehalall624@gmail.com','9013480182',2015,'98f6bcd4621d373cade4e832627b4f6','MBA','GENERALEF'),('4116659315','Sarthak bhardwaj','sarthak.bhardwaj91@hotmail.com','8800317800',2015,'98f6bcd4621d373cade4e832627b4f6','MBA','FM'),('416603915','ABHISHEK TUSHAR','sahlot.abhishek@gmail.com','9015617189',2015,'98f6bcd4621d373cade4e832627b4f6','MBA','GENERALEF'),('416659315','Ankit aggarwal','ankitaggarwal761@gmail.com','9811760900',2015,'98f6bcd4621d373cade4e832627b4f6','MBA','FM'),('4216603915','Ngawang L Thakur','ngawang754@gmail.com','9560444540',2015,'98f6bcd4621d373cade4e832627b4f6','MBA','GENERALEF'),('4216659315','Sarthak jain','jain.sarthak911@gmail.com','9996040422',2015,'98f6bcd4621d373cade4e832627b4f6','MBA','FM'),('4316603915','Nidhi Bisht','nidhibisht94@gmail.com','9599211635',2015,'98f6bcd4621d373cade4e832627b4f6','MBA','GENERALEF'),('4316659315','Shalu shukla','shalushukla731995@gmail. com','9953077858',2015,'98f6bcd4621d373cade4e832627b4f6','MBA','FM'),('4416603915','Nikhil Sharma','nkhlshrm36@gmail.com','8586938039',2015,'98f6bcd4621d373cade4e832627b4f6','MBA','GENERALEF'),('4416659315','Shekhar kaushik','shekhar.kaushik14@gmail.com','9899390769',2015,'98f6bcd4621d373cade4e832627b4f6','MBA','FM'),('4516650315','Nikita Rawat','nktrwt19@gmail.com','9873659606',2015,'98f6bcd4621d373cade4e832627b4f6','MBA','GENERALEF'),('4516659315','Shubhanshu singh','Shubhanshu2491@Gmail.com','9013289715',2015,'98f6bcd4621d373cade4e832627b4f6','MBA','FM'),('4616603915','Nishant soni','soninishant787@gmail.com','9971820986',2015,'98f6bcd4621d373cade4e832627b4f6','MBA','GENERALEF'),('4616659315','Suraj singh','Soorajsingh028@gmail.com','9999426519',2015,'98f6bcd4621d373cade4e832627b4f6','MBA','FM'),('4716659315','Surbhi batra','surbhibatra.1993@gmail.com','8860603649',2015,'98f6bcd4621d373cade4e832627b4f6','MBA','FM'),('4816659315','Surbhi jain','sjsurbhi6@gmail.com','9810379260',2015,'98f6bcd4621d373cade4e832627b4f6','MBA','FM'),('4916603915','Palaq Suri','palaqsuri25@gmail.com','9013293722',2015,'98f6bcd4621d373cade4e832627b4f6','MBA','GENERALEF'),('4916659315','Tanaya mishra','tanayamishra17@gmail.com','9871364346',2015,'98f6bcd4621d373cade4e832627b4f6','MBA','FM'),('5016603915','Prangna Mehra','prangna.m@gmail.com','9911858565',2015,'98f6bcd4621d373cade4e832627b4f6','MBA','GENERALEF'),('5016659315','Udit sharma','udit.sharma1794@gmail.com','9999553592',2015,'98f6bcd4621d373cade4e832627b4f6','MBA','FM'),('5116603915','Preeti Gupta','preeti.tayal1993@gmail.com','9582948869',2015,'98f6bcd4621d373cade4e832627b4f6','MBA','GENERALEF'),('5116659315','Udita aggarwal','aggarwaludita@gmail.com','9711721518',2015,'98f6bcd4621d373cade4e832627b4f6','MBA','FM'),('516603915','Aditi Chadha','aditichadha.13@gmail.com','9654807009',2015,'98f6bcd4621d373cade4e832627b4f6','MBA','GENERALEF'),('516659315','Ankita Baweja','ankitabaweja22@gmail.com','9953499597',2015,'98f6bcd4621d373cade4e832627b4f6','MBA','FM'),('5216603915','Priyanka ','priyankatutlani@gmail.com','9953073063',2015,'98f6bcd4621d373cade4e832627b4f6','MBA','GENERALEF'),('5216659315','Ujjwal bharadwaj','ujjwal.bhardwaj8@gmail.com','9999624426',2015,'98f6bcd4621d373cade4e832627b4f6','MBA','FM'),('5316603915','priyanka pathak','priyankansit@yahoo.com ','8130765621',2015,'98f6bcd4621d373cade4e832627b4f6','MBA','GENERALEF'),('5316659315','Varun garg','varungarg11@gmail.com','9818146841',2015,'98f6bcd4621d373cade4e832627b4f6','MBA','FM'),('5416603915','Priyanka Vashishtha','priyankavashishtha1407@gmail.com','9999192646',2015,'98f6bcd4621d373cade4e832627b4f6','MBA','GENERALEF'),('5416659315','Varun kumar','bohat.varun@gmail.com','8800846698',2015,'98f6bcd4621d373cade4e832627b4f6','MBA','FM'),('5516603915','PURNIMA MAWAR','purnima.mawar@gmail.com','8447025020',2015,'98f6bcd4621d373cade4e832627b4f6','MBA','GENERALEF'),('5516659315','Vikram sahni','vikramsahni091@gmail.com','9958898443',2015,'98f6bcd4621d373cade4e832627b4f6','MBA','FM'),('5616603915','Raghav','raghavsharma1161992@gmail.com','9911262505',2015,'98f6bcd4621d373cade4e832627b4f6','MBA','GENERALEF'),('5716603915','Ravi kaushik','ravikaushikworld@gmail.com','9034682015',2015,'98f6bcd4621d373cade4e832627b4f6','MBA','GENERALEF'),('5716659315','Vrishti jain','vrishti3001@gmail.com','9654437466',2015,'98f6bcd4621d373cade4e832627b4f6','MBA','FM'),('5816603915','Ravi Shankar','ravikhangwal1987@gmail.com','9911739855',2015,'98f6bcd4621d373cade4e832627b4f6','MBA','GENERALEF'),('5816659315','Yashvi Gupta','yashvi.g25@gmail.com','9996729019',2015,'98f6bcd4621d373cade4e832627b4f6','MBA','FM'),('5916603915','Ridhi Rajpal','ridhirajpal16@gmail.com','9971225733',2015,'98f6bcd4621d373cade4e832627b4f6','MBA','GENERALEF'),('60016603915','Parul Tyagi','parultyagi135@gmail.com','9654491523',2015,'98f6bcd4621d373cade4e832627b4f6','MBA','GENERALGH'),('6016603915','Rishu Baswal','rishubaswal@gmail.com','8802424533',2015,'98f6bcd4621d373cade4e832627b4f6','MBA','GENERALEF'),('6116603915','RITESH MANI RAI','rairiteshmani.211@gmail.com','7827520122',2015,'98f6bcd4621d373cade4e832627b4f6','MBA','GENERALGH'),('616603915','Alok Kumar sirohi','aloksirohi007@gmail.com','9953415615',2015,'98f6bcd4621d373cade4e832627b4f6','MBA','GENERALEF'),('616659315','Ankush gautam','ankush.gautam04@gmail.com','9711540063',2015,'98f6bcd4621d373cade4e832627b4f6','MBA','FM'),('6216603915','Ritika   ','ritika.rikku@gmail.com','9717279448',2015,'98f6bcd4621d373cade4e832627b4f6','MBA','GENERALGH'),('6316603915','Roshan Kumar ','Roshanarya9429@gmail.com','8826980413',2015,'98f6bcd4621d373cade4e832627b4f6','MBA','GENERALGH'),('6516603915','Sahil Kumar','sk.0031@gmail.com','9868647578',2015,'98f6bcd4621d373cade4e832627b4f6','MBA','GENERALGH'),('6616603915','Sahil Talwar','sahil.talwar24@gmail.com','7838526582',2015,'98f6bcd4621d373cade4e832627b4f6','MBA','GENERALGH'),('6816603915','Sanchit Khurana','sanchit.khurana20@gmail.com','9654767655',2015,'98f6bcd4621d373cade4e832627b4f6','MBA','GENERALGH'),('6916603915','Sanya Gill','sanya.gill1991@gmail.com','9818804889',2015,'98f6bcd4621d373cade4e832627b4f6','MBA','GENERALGH'),('70016603915','NIDHI BHARDWAJ','n.dhijha93@gmail.com','9560936572',2015,'98f6bcd4621d373cade4e832627b4f6','MBA','GENERALGH'),('70116603915','SURUCHI JHA','suruchi.jhasu@gmail.com','8527560336',2015,'98f6bcd4621d373cade4e832627b4f6','MBA','GENERALGH'),('7016603915','Satyam Arya','satyam.2211@yahoo.com','9654811171',2015,'98f6bcd4621d373cade4e832627b4f6','MBA','GENERALGH'),('70316603915','janak raj joshi','janakjoshi567@gmail.com','9540918303',2015,'98f6bcd4621d373cade4e832627b4f6','MBA','GENERALGH'),('70416603915','Rasmi pathak','rasmipathak123@gmial.com','8527023133',2015,'98f6bcd4621d373cade4e832627b4f6','MBA','GENERALGH'),('70516603915','shivani veer','shivaniveer04@gmail.com','9899857459',2015,'98f6bcd4621d373cade4e832627b4f6','MBA','GENERALGH'),('70616603915','sushant bhagat','rocksushant2001@gmail.com','8800661722',2015,'98f6bcd4621d373cade4e832627b4f6','MBA','GENERALGH'),('70716603915','MANOJ KUMAR SAH','manojsah_4u@yahoo.com','9958444360',2015,'98f6bcd4621d373cade4e832627b4f6','MBA','GENERALGH'),('70816603915','ILUNGA MBAYO GUYGUY','guyguyilunga@rocketmail.com','9818440926',2015,'98f6bcd4621d373cade4e832627b4f6','MBA','GENERALGH'),('70916603915','Sanjay Kumar Thakur','casanjaythakur@gmail.com','8800286766',2015,'98f6bcd4621d373cade4e832627b4f6','MBA','GENERALGH'),('71016603915','AKSHADA SAH','sah.akshada@gmail.com','8860033947',2015,'98f6bcd4621d373cade4e832627b4f6','MBA','GENERALGH'),('71116603915','Anil jha','pishujha1234@gmail.com','9650606964',2015,'98f6bcd4621d373cade4e832627b4f6','MBA','GENERALGH'),('7116603915','Sayam Verma','sayam1912@gmail.com','9811655959',2015,'98f6bcd4621d373cade4e832627b4f6','MBA','GENERALGH'),('7216603915','Shachi','shachi199308@gmail.com','8860109750',2015,'98f6bcd4621d373cade4e832627b4f6','MBA','GENERALGH'),('7316603915','Shalini Tyagi','tyagi.shalini12@yahoo.com','9716301930',2015,'98f6bcd4621d373cade4e832627b4f6','MBA','GENERALGH'),('7416603915','Shatakshi','shatakshi.seth27@gmail.com ','8800218694',2015,'98f6bcd4621d373cade4e832627b4f6','MBA','GENERALGH'),('7516603915','shefali raghav','shefaliraghav78@gmail.com','9540151628',2015,'98f6bcd4621d373cade4e832627b4f6','MBA','GENERALGH'),('7616603915','Shikhar Sharma','acc.shikhar@gmail.com','9540223188',2015,'98f6bcd4621d373cade4e832627b4f6','MBA','GENERALGH'),('7716603915','Shilpa Gupta','mailshilpa92@gmail.com','8376988221',2015,'98f6bcd4621d373cade4e832627b4f6','MBA','GENERALGH'),('7816603915','Shruti Jhamb','shrutijhamb@gmail.com','9999131697',2015,'98f6bcd4621d373cade4e832627b4f6','MBA','GENERALGH'),('7916603915','Siddharth','siddharth.kumar64@gmail.com','9818704753',2015,'98f6bcd4621d373cade4e832627b4f6','MBA','GENERALGH'),('8116603915','Sidharth Manral','manral5893@gmail.com','9781913333',2015,'98f6bcd4621d373cade4e832627b4f6','MBA','GENERALGH'),('816603915','Ankit Razdan','razdan.ankit@gmail.com','8800317800',2015,'98f6bcd4621d373cade4e832627b4f6','MBA','GENERALEF'),('816659315','Ashwini','Ashwini426@gmail.com','9654248949',2015,'98f6bcd4621d373cade4e832627b4f6','MBA','FM'),('8216603915','SONAL','sonaltanwar94@gmail.com','8860015354',2015,'98f6bcd4621d373cade4e832627b4f6','MBA','GENERALGH'),('8316603915','Sonali Khurana','sonali1994.khurana@gmail.com','9811530057',2015,'98f6bcd4621d373cade4e832627b4f6','MBA','GENERALGH'),('8416603915','soumya jain','saumyajain2503@gmail.com','9999140029',2015,'98f6bcd4621d373cade4e832627b4f6','MBA','GENERALGH'),('8516603915','Srishti Bansal','s.delhi198@gmail.com','9811132324',2015,'98f6bcd4621d373cade4e832627b4f6','MBA','GENERALGH'),('8716603915','Sweta Chack','shwedelhi9@gmail.com','9868972676',2015,'98f6bcd4621d373cade4e832627b4f6','MBA','GENERALGH'),('8816603915','tanya agrawal','tanyaagrawal.kmc@gmail.com','9811862125',2015,'98f6bcd4621d373cade4e832627b4f6','MBA','GENERALGH'),('9016603915','Tapan Kumar','tapankumar230192@gmail.com','9911408804',2015,'98f6bcd4621d373cade4e832627b4f6','MBA','GENERALGH'),('9116603915','Tarang Saraswat','tarangsaraswat18@gmail.com','8802153479',2015,'98f6bcd4621d373cade4e832627b4f6','MBA','GENERALGH'),('916603915','Arushi','arushismr@gmail.com','9654554584',2015,'98f6bcd4621d373cade4e832627b4f6','MBA','GENERALEF'),('9216603915','Tushar Mehndiratta','tusharm2793@gmail.com','9990140052',2015,'98f6bcd4621d373cade4e832627b4f6','MBA','GENERALGH'),('9316603915','Udayan Kumar','udayankumar92.uk@gmail.com','9711494868',2015,'98f6bcd4621d373cade4e832627b4f6','MBA','GENERALGH'),('9416603915','VARUN VERMA','vvsep2@gmail.com','9654782731',2015,'98f6bcd4621d373cade4e832627b4f6','MBA','GENERALGH'),('9516603915','Vijay','dalal.vj@yahoo.com','9034465676',2015,'98f6bcd4621d373cade4e832627b4f6','MBA','GENERALGH'),('9616603915','Vikram Bisht','vikrambisht66@gmail.com','9013215496',2015,'98f6bcd4621d373cade4e832627b4f6','MBA','GENERALGH'),('9716603915','Vishal ruhil ','vishalruhil3@gmail.com','8800408122',2015,'98f6bcd4621d373cade4e832627b4f6','MBA','GENERALGH'),('9816603915','Vivek Saxena','vivekkrsaxena765@gmail.com','9891362002',2015,'98f6bcd4621d373cade4e832627b4f6','MBA','GENERALGH'),('9916603915','Yogesh','yogesh.vasava@gmail.com','9999627985',2015,'98f6bcd4621d373cade4e832627b4f6','MBA','GENERALGH');
/*!40000 ALTER TABLE `usms_student_2015` ENABLE KEYS */;
UNLOCK TABLES;

--
-- Table structure for table `usms_student_2016`
--

DROP TABLE IF EXISTS `usms_student_2016`;
/*!40101 SET @saved_cs_client     = @@character_set_client */;
/*!40101 SET character_set_client = utf8 */;
CREATE TABLE `usms_student_2016` (
  `enrollment_no` varchar(20) NOT NULL,
  `name` varchar(100) NOT NULL,
  `email` varchar(100) DEFAULT NULL,
  `phone` varchar(100) DEFAULT NULL,
  `year_of_admission` int(4) NOT NULL,
  `password` varchar(200) NOT NULL,
  `course` varchar(100) NOT NULL,
  `stream` varchar(100) NOT NULL,
  `batch_id` int(3) DEFAULT NULL,
  PRIMARY KEY (`enrollment_no`)
) ENGINE=InnoDB DEFAULT CHARSET=latin1;
/*!40101 SET character_set_client = @saved_cs_client */;

--
-- Dumping data for table `usms_student_2016`
--

LOCK TABLES `usms_student_2016` WRITE;
/*!40000 ALTER TABLE `usms_student_2016` DISABLE KEYS */;
INSERT INTO `usms_student_2016` VALUES ('06116603916','ROHIT','ROHITKANSAL63@GMAIL.COM','8882754106',2016,'98f6bcd4621d373cade4e832627b4f6','MBA','GENERALCD',NULL),('06216603916','ROHIT KUMAR','ROHITKFORCE@GMAIL.COM','7404214457',2016,'98f6bcd4621d373cade4e832627b4f6','MBA','GENERALCD',NULL),('06316603916','RUCHI BHATT','RUCHIBHATT924@GMAIL.COM','7838955039',2016,'98f6bcd4621d373cade4e832627b4f6','MBA','GENERALCD',NULL),('06416603916','SAGAR PANWAR','SAGAR.PANWAR2010@GMAIL.COM','9716710637',2016,'98f6bcd4621d373cade4e832627b4f6','MBA','GENERALCD',NULL),('06516603916','SAHIL GAUTAM','sahilgautam.sg@gmail.com','9540893346',2016,'98f6bcd4621d373cade4e832627b4f6','MBA','GENERALCD',NULL),('06616603916','SAHIL ROHILLA','SAHILDCE93@GMAIL.COM','8447840210',2016,'98f6bcd4621d373cade4e832627b4f6','MBA','GENERALCD',NULL),('06716603916','SALIM AHMED','slmahmed0@gmail.com','9990784439',2016,'98f6bcd4621d373cade4e832627b4f6','MBA','GENERALCD',NULL),('06816603916','SANDEEP SHARMA','sandy9137591@gmail.com','8745926924',2016,'98f6bcd4621d373cade4e832627b4f6','MBA','GENERALCD',NULL),('06916603916','SANDIP KUMAR TIWARI','SANDIP.SAN.TIWARI@GMAIL.COM','9958567929',2016,'98f6bcd4621d373cade4e832627b4f6','MBA','GENERALCD',NULL),('07016603916','SANKET BOKDE','sanketbokde@gmail.com','8800411452',2016,'98f6bcd4621d373cade4e832627b4f6','MBA','GENERALCD',NULL),('07116603916','SANSKRITI DADHICH','SANSKRITIDADHICH@GMAIL.COM','9711582797',2016,'98f6bcd4621d373cade4e832627b4f6','MBA','GENERALCD',NULL),('07216603916','SARGUN SINGH WALIA','SARGUN94@YAHOO.COM','9899287807',2016,'98f6bcd4621d373cade4e832627b4f6','MBA','GENERALCD',NULL),('07316603916','SARTHAK SABHARWAL','SARTHAK17091994@GMAIL.COM','9999120019',2016,'98f6bcd4621d373cade4e832627b4f6','MBA','GENERALCD',NULL),('07416603916','SARTHAK SINGH','CSE11329.SBIT@GMAIL.COM','9953531307',2016,'98f6bcd4621d373cade4e832627b4f6','MBA','GENERALCD',NULL),('07516603916','SAURABH KUMAR','saurabh3060@gmail.com','9716700792',2016,'98f6bcd4621d373cade4e832627b4f6','MBA','GENERALCD',NULL),('07716603916','SHIVAM BANSAL','shivambansal2907@gmail.com','9555891196',2016,'98f6bcd4621d373cade4e832627b4f6','MBA','GENERALCD',NULL),('07816603916','SHIVAM TOMAR','SHIVAMTOMAR7SH@GMAIL.COM','9457003169',2016,'98f6bcd4621d373cade4e832627b4f6','MBA','GENERALCD',NULL),('07916603916','SHIVANI NANGIA','ISHIVANINANGIA@GMAIL.COM','9999552998',2016,'98f6bcd4621d373cade4e832627b4f6','MBA','GENERALCD',NULL),('08016603916','SHREYA SINGH','SHREYA.SINGH1608@GMAIL.COM','9899752762',2016,'98f6bcd4621d373cade4e832627b4f6','MBA','GENERALCD',NULL),('08116603916','SHRUTI','SHRUTI.SINGLA17@GMAIL.COM','7838850300',2016,'98f6bcd4621d373cade4e832627b4f6','MBA','GENERALCD',NULL),('08216603916','SHRUTI BARAR','shruti.barar@gmail.com','8130981418',2016,'98f6bcd4621d373cade4e832627b4f6','MBA','GENERALCD',NULL),('08316603916','SIRING ADOL CAUR','SIRINGADOLCAUR@GMAIL.COM','9910656590',2016,'98f6bcd4621d373cade4e832627b4f6','MBA','GENERALCD',NULL),('08416603916','SURAJ KUMAR','SURAJSUN4@GMAIL.COM','9311531234',2016,'98f6bcd4621d373cade4e832627b4f6','MBA','GENERALCD',NULL),('08516603916','SUSHANT RANA','chotatennis@gmail.com','9873575322',2016,'98f6bcd4621d373cade4e832627b4f6','MBA','GENERALCD',NULL),('08616603916','SWATI PAHUJA','swati.pahuja7@gmail.com','8860849869',2016,'98f6bcd4621d373cade4e832627b4f6','MBA','GENERALCD',NULL),('08716603916','TABISH SALAM','TABISHSALAM@GMAIL.COM','9810250183',2016,'98f6bcd4621d373cade4e832627b4f6','MBA','GENERALCD',NULL),('08816603916','TWINKLE ARORA','ARORA_TWINKLE@GMAIL.COM','9560574575',2016,'98f6bcd4621d373cade4e832627b4f6','MBA','GENERALCD',NULL),('08916603916','UMESH KUMAR','UMESHDHAKA93@GMAIL.COM','9599889981',2016,'98f6bcd4621d373cade4e832627b4f6','MBA','GENERALCD',NULL),('09016603916','VIJAY LAKSHMI','VIJAYLAKSHMIPATHIWAL@GMAIL.COM','8800846958',2016,'98f6bcd4621d373cade4e832627b4f6','MBA','GENERALCD',NULL),('09116603916','VISHAL KUMAR','VISHAL97161@GMAIL.COM','9716183694',2016,'98f6bcd4621d373cade4e832627b4f6','MBA','GENERALCD',NULL),('09216603916','YASHMITA RAI','RAIYASHMITA26@GMAIL.COM','9810391309',2016,'98f6bcd4621d373cade4e832627b4f6','MBA','GENERALCD',NULL),('09316603916','YUSUF FIROZ','YUSUFFIROZ8@GMAIL.COM','9654854190',2016,'98f6bcd4621d373cade4e832627b4f6','MBA','GENERALCD',NULL),('1016603916','Anurag Chauhan','anuragchauhan99@gmail.com','9643227503',2016,'9cc817dabcdf2058d53f7292762bec63','MBA','GENERALAB',NULL),('1016659316','Ashish Verma','ashishverma.sy@gmail.com','8130012368',2016,'98f6bcd4621d373cade4e832627b4f6','MBA','FM',NULL),('1116603916','Anurag Kashyap','mr.kashyap093@gmail.com','9654992520',2016,'98f6bcd4621d373cade4e832627b4f6','MBA','GENERALAB',NULL),('1116659316','Bhanu Prakash Choudhary','bchoudhary92@gmail.com','9711181975',2016,'98f6bcd4621d373cade4e832627b4f6','MBA','FM',NULL),('116603916','Abhinav Jain','abhi.jain2212@gmail.com','9808145552',2016,'98f6bcd4621d373cade4e832627b4f6','MBA','GENERALAB',NULL),('116659316','Aarushi Bhatia','aarushi.bhatia06@gmail.com','9015358218',2016,'98f6bcd4621d373cade4e832627b4f6','MBA','FM',NULL),('1216603916','Arjun Chauhan','arjunchauhan13.666@gmail.com','9911047179',2016,'98f6bcd4621d373cade4e832627b4f6','MBA','GENERALAB',NULL),('1216659316','Daksh Vohra','dakshvohra@hotmail.com','9871065407',2016,'98f6bcd4621d373cade4e832627b4f6','MBA','FM',NULL),('1316603916','Arushi Sharma','aarushisharma281094@gmail.com','9999096908',2016,'ffba872791ca9b3b52cc314666397','MBA','GENERALAB',NULL),('1316659316','Damandeep Singh Bedi','daman114@ymail.com','7053083713',2016,'98f6bcd4621d373cade4e832627b4f6','MBA','FM',NULL),('1416603916','Ashima Jain','ashi144jain.aj@gmail.com','9868752295',2016,'98f6bcd4621d373cade4e832627b4f6','MBA','GENERALAB',NULL),('1416659316','Deepika Devi','khannadeepika56714@gmail.com','9971716696',2016,'98f6bcd4621d373cade4e832627b4f6','MBA','FM',NULL),('1516603916','Bhaskar Bhardwaj','bhaskar.bhardwaj10@gmail.com','9015783616',2016,'98f6bcd4621d373cade4e832627b4f6','MBA','GENERALAB',NULL),('1516659316','Devender Kumar Sharma','dev1993vashist@gmail.com','7835998979',2016,'98f6bcd4621d373cade4e832627b4f6','MBA','FM',NULL),('1616603916','Chandan Sharma','chandansharma299@gmail.com','9899215641',2016,'98f6bcd4621d373cade4e832627b4f6','MBA','GENERALAB',NULL),('1616659316','Dhanita Arora','dhanita_arora@yahoo.com','9910929273',2016,'98f6bcd4621d373cade4e832627b4f6','MBA','FM',NULL),('1716603916','Deepak Dabas','deepakdabas500@gmail.com','7876738233',2016,'74a636b092d7564171cbe3b042a682','MBA','GENERALAB',NULL),('1716659316','Dheeraj Virmani','virmani.dheeraj@gmail.com','9873799041',2016,'98f6bcd4621d373cade4e832627b4f6','MBA','FM',NULL),('1816603916','Deepak Kumar','95deepakkr@gmail.com','8802588256',2016,'98f6bcd4621d373cade4e832627b4f6','MBA','GENERALAB',NULL),('1816659316','Dhiraj Panwar','drj.panwar93@gmail.com','8447866906',2016,'98f6bcd4621d373cade4e832627b4f6','MBA','FM',NULL),('1916603916','Divya Vohra','dvohra80@yahoo.com','7838962003',2016,'98f6bcd4621d373cade4e832627b4f6','MBA','GENERALAB',NULL),('1916659316','Dhruv Kharayat','dhruvkharayat@hotmail.com','7838973847',2016,'98f6bcd4621d373cade4e832627b4f6','MBA','FM',NULL),('2016603916','Diwaker Soam','diwakers001@gmail.com','9720296335',2016,'3f88ebeda3513be71d34d214291986','MBA','GENERALAB',NULL),('2016659316','Drishti Malhotra','drishtimalhotra123@gmail.com','9953162292',2016,'8b0f5adacb024e2227a673c2ea4d60','MBA','FM',NULL),('2116603916','Gaurav Chaudhary','chaudhary.mrgaurav@gmail.com','9953496915',2016,'98f6bcd4621d373cade4e832627b4f6','MBA','GENERALAB',NULL),('2116659316','Gaurav Kumar','gouravkumara7@gmail.com','8802127669',2016,'98f6bcd4621d373cade4e832627b4f6','MBA','FM',NULL),('216603916','Aditya Bhagat','bhagataditya_94@yahoo.com','9971534322',2016,'1840898ba5cceba4c784d518c3ee0','MBA','GENERALAB',NULL),('216659316','Aastha Wahi','wahiaastha3@gmail.com','9599217895',2016,'98f6bcd4621d373cade4e832627b4f6','MBA','FM',NULL),('2216603916','Gaurav Karir','gauravkarir@ymail.com','9654417443',2016,'98f6bcd4621d373cade4e832627b4f6','MBA','GENERALAB',NULL),('2216659316','Haritti Chhabra','haritti.chhabra04@gmail.com','9559828915',2016,'98f6bcd4621d373cade4e832627b4f6','MBA','FM',NULL),('2316603916','Gaurav Verma','gauravsymbolofstatus@gmail.com','9650959434',2016,'e8dfc25d5f8facdbefd19b5c7ca352f','MBA','GENERALAB',NULL),('2316659316','Harkaran Singh Virk','harkaransinghvirk@gmail.com','9999900351',2016,'98f6bcd4621d373cade4e832627b4f6','MBA','FM',NULL),('2416603916','Geetanjali Raj Chauhan','geetchauhann@gmail.com','9953664587',2016,'98f6bcd4621d373cade4e832627b4f6','MBA','GENERALAB',NULL),('2416659316','Harshit Sharma','harshitsharma1992@yahoo.com','9891767032',2016,'554f55e50c26cd452596e8224d74c68','MBA','FM',NULL),('2516603916','Gurusahib Singh Buttar','gursahibsinghbuttar@gmail.com','8447992746',2016,'d86c92fb8782b809bc871f2af22a053','MBA','GENERALAB',NULL),('2516659316','Himani Gandhi','himanigandhi78@gmail.com','9871670417',2016,'98f6bcd4621d373cade4e832627b4f6','MBA','FM',NULL),('2616603916','Harsimran Kaur','sim_simran_kaur@yahoo.in','9013676122',2016,'98f6bcd4621d373cade4e832627b4f6','MBA','GENERALAB',NULL),('2616659316','Himanshu','himanshufalwadiya@gmail.com','8285840318',2016,'98f6bcd4621d373cade4e832627b4f6','MBA','FM',NULL),('2716603916','Himani Rajput','rajput.himani22@gmail.com','9711367221',2016,'98f6bcd4621d373cade4e832627b4f6','MBA','GENERALAB',NULL),('2716659316','Isha Vashishtha','ishu.vashishtha2411@gmail.com','8882263419',2016,'98f6bcd4621d373cade4e832627b4f6','MBA','FM',NULL),('2816603916','Himanshu Modi','himanshum.3110@gmail.com','9953116776',2016,'98f6bcd4621d373cade4e832627b4f6','MBA','GENERALAB',NULL),('2816659316','Jimnee Deka','dekajimnee13@gmail.com','8377967779',2016,'98f6bcd4621d373cade4e832627b4f6','MBA','FM',NULL),('2916603916','Himanshu Saharan','himanshusaharan199377@yahoo.com','7827142153',2016,'98f6bcd4621d373cade4e832627b4f6','MBA','GENERALAB',NULL),('2916659316','Lalit Yadav','rao.lalit99@gmail.com','8802370669',2016,'98f6bcd4621d373cade4e832627b4f6','MBA','FM',NULL),('3016603916','Hitesh Sharma','sharmahitesh9292@gmail.com',NULL,2016,'98f6bcd4621d373cade4e832627b4f6','MBA','GENERALAB',NULL),('3016659316','Mahendra Kumar','beniwalmahender@gmail.com','8287297650',2016,'98f6bcd4621d373cade4e832627b4f6','MBA','FM',NULL),('3116603916','Jagriti Malik','jagritimalik@gmail.com','9871258804',2016,'98f6bcd4621d373cade4e832627b4f6','MBA','GENERALAB',NULL),('3116659316','Malvika Sejwal','malvikasejwal22@gmail.com','9891081008',2016,'98f6bcd4621d373cade4e832627b4f6','MBA','FM',NULL),('316603916','Amrita Anand',NULL,NULL,2016,'98f6bcd4621d373cade4e832627b4f6','MBA','GENERALAB',NULL),('316659316','Abhishek Yadav','yabhishek1605@gmail.com','7838977607',2016,'98f6bcd4621d373cade4e832627b4f6','MBA','FM',NULL),('3216603916','Jatin Aggarwal','aggarwaljatin30@gmail.com','9873335009',2016,'98f6bcd4621d373cade4e832627b4f6','MBA','GENERALAB',NULL),('3216659316','Manisha Gurtoo','manishagurtoo27@gmail.com','9911168487',2016,'98f6bcd4621d373cade4e832627b4f6','MBA','FM',NULL),('3316603916','Jigar Joshi','jigarjoshi320@gmail.com','9654303907',2016,'98f6bcd4621d373cade4e832627b4f6','MBA','GENERALAB',NULL),('3316659316','Manleen Kaur','kriti.happening@gmail.com','8527365577',2016,'98f6bcd4621d373cade4e832627b4f6','MBA','FM',NULL),('3416603916','Lokesh Sangwan','lokesh.sangwan27@gmail.com','9211921188',2016,'856bec5ede918faa6c74cb7ea135e1','MBA','GENERALAB',NULL),('3416659316','Mohit Punia',NULL,NULL,2016,'98f6bcd4621d373cade4e832627b4f6','MBA','FM',NULL),('3516603916','Manjeet Malik','manjeet.malik321@gmail.com','7503321866',2016,'98f6bcd4621d373cade4e832627b4f6','MBA','GENERALAB',NULL),('3516659316','Muntasir Abbas','abbas.muntasir@gmail.com','9555214853',2016,'98f6bcd4621d373cade4e832627b4f6','MBA','FM',NULL),('3616603916','Md. Aamir Khan','arshz.97@gmail.com','9555579149',2016,'98f6bcd4621d373cade4e832627b4f6','MBA','GENERALAB',NULL),('3616659316','Nawal','nawalpanjrath@yahoo.in','9716548368',2016,'98f6bcd4621d373cade4e832627b4f6','MBA','FM',NULL),('3716603916','Mohit Jain','mohitjain300@gmail.com','9999263287',2016,'98f6bcd4621d373cade4e832627b4f6','MBA','GENERALAB',NULL),('3716659316','Neha','nehaknj70@gmail.com','9654324223',2016,'98f6bcd4621d373cade4e832627b4f6','MBA','FM',NULL),('3816603916','Mukesh Kumar Chauhan','chauhannia09@gmail.com','9555552336',2016,'98f6bcd4621d373cade4e832627b4f6','MBA','GENERALAB',NULL),('3816659316','Nidhi Kumari','nidhiikumari86@gmail.com','9868455576',2016,'98f6bcd4621d373cade4e832627b4f6','MBA','FM',NULL),('3916603916','Neha Francis','nehafrancis874@gmail.com','7503171647',2016,'98f6bcd4621d373cade4e832627b4f6','MBA','GENERALAB',NULL),('3916659316','Nikita Singh','niki.singhpal@gmail.com','9456235336',2016,'98f6bcd4621d373cade4e832627b4f6','MBA','FM',NULL),('40116603916','GAURAV KAUSHIK','GAURAV2179@GMAIL.COM','9953542179',2016,'98f6bcd4621d373cade4e832627b4f6','MBA','GENERALCD',NULL),('40116659316','Ragvinder Singh','ragvindera.singh@gmail.com','9811214912',2016,'98f6bcd4621d373cade4e832627b4f6','MBA','FM',NULL),('4016603916','Nishant Chauhan','kanu.nishantchauhan@gmail.com','9811594300',2016,'98f6bcd4621d373cade4e832627b4f6','MBA','GENERALAB',NULL),('4016659316','Nitish Bansal','bansal.nitish95@gmail.com','9968236448',2016,'98f6bcd4621d373cade4e832627b4f6','MBA','FM',NULL),('40216603916','ANSHU SHOKEEN','SHOKEEN_ANSHU@GMAIL.COM','9711449906',2016,'98f6bcd4621d373cade4e832627b4f6','MBA','GENERALCD',NULL),('40216659316','Prashasti Hajela','prashastihajela95@gmail.com','9873850516',2016,'98f6bcd4621d373cade4e832627b4f6','MBA','FM',NULL),('40316603916','ABHINAV TAKKAR','TAKKARABHINAV24@GMAIL.COM','9999011636',2016,'98f6bcd4621d373cade4e832627b4f6','MBA','GENERALCD',NULL),('40316659316','Somiya Gupta','somiya.gupta168.sg@gmail.com','9582800771',2016,'98f6bcd4621d373cade4e832627b4f6','MBA','FM',NULL),('40416603916','PANKAJ KUMAR JAIN','poetPANKAJJAIN2494@GMAIL.COM','9650589147',2016,'98f6bcd4621d373cade4e832627b4f6','MBA','GENERALCD',NULL),('40516603916','DIKSHA','dikshaa.94@gmail.com','9654741570',2016,'98f6bcd4621d373cade4e832627b4f6','MBA','GENERALCD',NULL),('40616603916','DIVYA GUPTA','DIVYAGUPTA14NOV@GMAIL.COM','9711472881',2016,'98f6bcd4621d373cade4e832627b4f6','MBA','GENERALCD',NULL),('40716603916','DANISH KHAN','khan.danish.pathan@gmail.com','9015365656',2016,'98f6bcd4621d373cade4e832627b4f6','MBA','GENERALCD',NULL),('4116603916','Nishant Snagwan','nishant.s7291@gmail.com','9910223783',2016,'98f6bcd4621d373cade4e832627b4f6','MBA','GENERALAB',NULL),('4116659316','Pankaj Kumar','pankaj.doo75@gmail.com','9650025663',2016,'98f6bcd4621d373cade4e832627b4f6','MBA','FM',NULL),('416603916','Anamika Bhonrayat','anamika1804@gmail.com','9990330183',2016,'98f6bcd4621d373cade4e832627b4f6','MBA','GENERALAB',NULL),('416659316','Aishwarya Munjal','aishwaryamunjal29@gmail.com','9992333000',2016,'98f6bcd4621d373cade4e832627b4f6','MBA','FM',NULL),('4216603916','Nitish Manral','manralnm@gmail.com','9910068646',2016,'69432e7b6d44232b5c44cc6d5f6618d0','MBA','GENERALAB',NULL),('4216659316','Prerna Singh','08singh.prerna@gmail.com','9810503644',2016,'98f6bcd4621d373cade4e832627b4f6','MBA','FM',NULL),('4316603916','Parul','parulkhanduja28@gmail.com','8860180275',2016,'98f6bcd4621d373cade4e832627b4f6','MBA','GENERALAB',NULL),('4316659316','Priyanka Singh','the100pooja3686@gmail.com','8447041812',2016,'98f6bcd4621d373cade4e832627b4f6','MBA','FM',NULL),('4416603916','Parveen Kaur','parveen4194@gmail.com','8800379151',2016,'98f6bcd4621d373cade4e832627b4f6','MBA','GENERALAB',NULL),('4416659316','Ritika Jyoty','ritikajyoti23@gmail.com','8377026808',2016,'98f6bcd4621d373cade4e832627b4f6','MBA','FM',NULL),('4516603916','Pawan Singh','pawansingh52941@gmail.com','9958865323',2016,'98f6bcd4621d373cade4e832627b4f6','MBA','GENERALAB',NULL),('4516659316','Saubhagya Dwivedi','saubhagya_029@yahoo.co.in','7838860770',2016,'98f6bcd4621d373cade4e832627b4f6','MBA','FM',NULL),('4616603916','Prateek Gupta','g_prateek@ymail.com','9013105321',2016,'a62c30634be1232ffcf622e0a74788b','MBA','GENERALAB',NULL),('4616659316','Shivangi Choudhary','shivangi2222choudhary@gmail.com','8375969670',2016,'98f6bcd4621d373cade4e832627b4f6','MBA','FM',NULL),('4716603916','Pratibha Jain','pratibhajain28@hotmail.com','9953238530',2016,'48d9d2bbfdb0d128464d3d7ecfa626b4','MBA','GENERALAB',NULL),('4716659316','Shivangi Goyal','shivigoel367@gmail.com','9971842310',2016,'98f6bcd4621d373cade4e832627b4f6','MBA','FM',NULL),('4816603916','Pratul Kishore','pratulkishore@gmail.com','9717140466',2016,'a599d36c4c7a71ddcc1bc7259a15ac3a','MBA','GENERALAB',NULL),('4816659316','Shivangi Kashyap','shivangi.kashyap007@gmail.com','9873732337',2016,'98f6bcd4621d373cade4e832627b4f6','MBA','FM',NULL),('4916603916','Pratyush Sengupta',NULL,NULL,2016,'98f6bcd4621d373cade4e832627b4f6','MBA','GENERALAB',NULL),('4916659316','Shivani Mann','itsshivani_mann@yahoo.co.in','9818010968',2016,'98f6bcd4621d373cade4e832627b4f6','MBA','FM',NULL),('5016603916','Priyanka','priyankasikand@gmail.com','9582340962',2016,'98f6bcd4621d373cade4e832627b4f6','MBA','GENERALAB',NULL),('5016659316','Shrey Gupta','shreyteengupta@gmail.com','9999696504',2016,'98f6bcd4621d373cade4e832627b4f6','MBA','FM',NULL),('5116603916','Priyanka Singh Meena','priyankasingh81@gmail.com','8588975841',2016,'d2ff3b88d3475e01d15c21fa7bde7','MBA','GENERALAB',NULL),('5116659316','Simarjeet Singh','bluemethworks@gmail.com','9990944277',2016,'98f6bcd4621d373cade4e832627b4f6','MBA','FM',NULL),('516603916','Anish Mishra','an7ish@yahoo.co.in','9818171680',2016,'98f6bcd4621d373cade4e832627b4f6','MBA','GENERALAB',NULL),('516659316','Akul Chillar','akul3007@gmail.com','9999325983',2016,'98f6bcd4621d373cade4e832627b4f6','MBA','FM',NULL),('5216603916','Priyanka Yadav','priyanka12yadav95@gmail.com','8860373789',2016,'98f6bcd4621d373cade4e832627b4f6','MBA','GENERALAB',NULL),('5216659316','Smriti Rawat','rawat.smriti.07@gmail.com','9654515854',2016,'8a823f1a21eec891b2484348353f838','MBA','FM',NULL),('5316603916','Raghav Mittal','mittal490@gmail.com','9953943325',2016,'98f6bcd4621d373cade4e832627b4f6','MBA','GENERALAB',NULL),('5316659316','Sonam Yangdol','yandgol@gmail.com','9469469595',2016,'98f6bcd4621d373cade4e832627b4f6','MBA','FM',NULL),('5416603916','Rahul Chugh','rahulchugh415@gmail.com','9718229778',2016,'69b6a14057d8a25afb8f33d7cea4edeb','MBA','GENERALAB',NULL),('5416659316','Soumil Wadhia','soumilwadhia@gmail.com','9873916177',2016,'98f6bcd4621d373cade4e832627b4f6','MBA','FM',NULL),('5516603916','Rahul Kumar Gupta','rahulkumargupta644@gmail.com','9350995827',2016,'c582e3e766aac2375a59d771c2afc75','MBA','GENERALAB',NULL),('5516659316','Sunil Kumar Mehra','mehras777@gmail.com','9971340430',2016,'98f6bcd4621d373cade4e832627b4f6','MBA','FM',NULL),('5616603916','Rahul Kumar Meena','rahulrithawar199300@gmail.com','9873908332',2016,'dbe1448f15c2dfd3b9cc98a13775dc54','MBA','GENERALAB',NULL),('5616659316','Suruchi Praliya','suruchipraliya.94@gmail.com','9643505054',2016,'98f6bcd4621d373cade4e832627b4f6','MBA','FM',NULL),('5716603916','Raina David Tiru','davidraina6@gmail.com','9868456869',2016,'9f9949debd1bf3cea5317946bef495df','MBA','GENERALAB',NULL),('5716659316','Tejas Sharma','kevincheevcs@gmail.com','8447644456',2016,'98f6bcd4621d373cade4e832627b4f6','MBA','FM',NULL),('5816603916','Ridhika Juneja','ridhik_95@hotmail.com','9818430934',2016,'98f6bcd4621d373cade4e832627b4f6','MBA','GENERALAB',NULL),('5816659316','Vaibhav Rana','vaibhav01@hotmail.com','7042987566',2016,'98f6bcd4621d373cade4e832627b4f6','MBA','FM',NULL),('5916603916','Rishabh Arya','rishabharya_94@yahoo.co.in','9871577720',2016,'98f6bcd4621d373cade4e832627b4f6','MBA','GENERALAB',NULL),('6016603916','Rohan Goel','rohanmannu95@gmail.com','8586002347',2016,'98f6bcd4621d373cade4e832627b4f6','MBA','GENERALAB',NULL),('616603916','Anjali Gupta','anjaligupta981@yahoo.in','9013170011',2016,'98f6bcd4621d373cade4e832627b4f6','MBA','GENERALAB',NULL),('616659316','Ankur Gahlot','ankurgahlot54@gmail.com','9899262394',2016,'98f6bcd4621d373cade4e832627b4f6','MBA','FM',NULL),('70116603916','Pooja Amatya','AMATYA713@GMAIL.COM','8800293683',2016,'98f6bcd4621d373cade4e832627b4f6','MBA','GENERALCD',NULL),('70116659316','Prerna Ghimire','preranaghimire@yahoo.com','9717830749',2016,'98f6bcd4621d373cade4e832627b4f6','MBA','FM',NULL),('70216603916','Raghunath Jaiswal','JAISWALM2012@GMAIL.COM','9871691647',2016,'98f6bcd4621d373cade4e832627b4f6','MBA','GENERALCD',NULL),('70216659316','Sunil Shah','sunilshah2051@gmail.com','7503138570',2016,'98f6bcd4621d373cade4e832627b4f6','MBA','FM',NULL),('70316603916','Niju Mishra','NIJU.MISHRA123@GMAIL.COM','8826346012',2016,'98f6bcd4621d373cade4e832627b4f6','MBA','GENERALCD',NULL),('70316659316','Nancy Agarwal','nancy.agarwal047@gmail.com','8826911915',2016,'98f6bcd4621d373cade4e832627b4f6','MBA','FM',NULL),('70416603916','Engleshwor Prasad Yadav','ENGLESHWOR@GMAIL.COM','9650538351',2016,'98f6bcd4621d373cade4e832627b4f6','MBA','GENERALCD',NULL),('70416659316','Merajudhin Ali','every1choice@gmail.com','8826390128',2016,'98f6bcd4621d373cade4e832627b4f6','MBA','FM',NULL),('70516603916','Sonam Gyatso','SO14CHOEDAK@GMAIL.COM','8351889077',2016,'98f6bcd4621d373cade4e832627b4f6','MBA','GENERALCD',NULL),('70516659316','Komal Kumari Kalwar','komalgupta20437@gmail.com','9013583886',2016,'98f6bcd4621d373cade4e832627b4f6','MBA','FM',NULL),('70616603916','Deepmala Shah','NICKY.SHAH1995@GMAIL.COM','8010051238',2016,'98f6bcd4621d373cade4e832627b4f6','MBA','GENERALCD',NULL),('70616659316','Radha Baniya','simranbaniya12345@gmail.com','9097742543',2016,'98f6bcd4621d373cade4e832627b4f6','MBA','FM',NULL),('70716603916','Ajit Jain','COOLAJIT1995@GMAIL.COM','9650852563',2016,'98f6bcd4621d373cade4e832627b4f6','MBA','GENERALCD',NULL),('70716659316','Roma Nandal','meet_min201@yahoo.com','9650383644',2016,'98f6bcd4621d373cade4e832627b4f6','MBA','FM',NULL),('70816603916','Mani Bhushan Prasad Yadav','MANINR24@GMAIL.COM','9654593307',2016,'838926abc15583237a94305482c3835a','MBA','GENERALCD',NULL),('70916603916','Monika Chaudhary','CHAUDHARY.MONIKA10@GMAIL.COM','9871713532',2016,'98f6bcd4621d373cade4e832627b4f6','MBA','GENERALCD',NULL),('71016603916','Manoj Kumar Sharma','MANOJSHARMA2200.MS@GMAIL.COM','9958719317',2016,'98f6bcd4621d373cade4e832627b4f6','MBA','GENERALCD',NULL),('71116603916','Bikash Jaiswal','JAIBIKASH93@GMAIL.COM','9990490321',2016,'98f6bcd4621d373cade4e832627b4f6','MBA','GENERALCD',NULL),('71216603916','Tenzin Nyendak','TENNYEN11@GMAIL.COM','9650829573',2016,'98f6bcd4621d373cade4e832627b4f6','MBA','GENERALCD',NULL),('71316603916','Sandeep Gupta','SANDEEP.GUPTA206@GMAIL.COM','9717300282',2016,'98f6bcd4621d373cade4e832627b4f6','MBA','GENERALCD',NULL),('71416603916','SANJAY KR YADAV','KNOWN.SANJAY@GMAIL.COM','7529992410',2016,'98f6bcd4621d373cade4e832627b4f6','MBA','GENERALCD',NULL),('71516603916','Barsha Mishra','BARSHAMISHRA365@GMAIL.COM','7292029124',2016,'98f6bcd4621d373cade4e832627b4f6','MBA','GENERALCD',NULL),('716603916','Anjali Phogat','anjaliphogat4895.ap@gmail.com','9671221736',2016,'98f6bcd4621d373cade4e832627b4f6','MBA','GENERALAB',NULL),('716659316','Anshul Goyal','anshulgoyal625@gmail.com','8130091395',2016,'98f6bcd4621d373cade4e832627b4f6','MBA','FM',NULL),('816603916','Ankush Gautam','ankushgautam2018@gmail.com','9971186906',2016,'5c9b92a877e8cee34756a647ba5c27','MBA','GENERALAB',NULL),('816659316','Anshul Sharma','anshulsharma055@gmail.com','8287209089',2016,'98f6bcd4621d373cade4e832627b4f6','MBA','FM',NULL),('916603916','Anuj Chaudhary','gamerboyanuj@gmail.com','9582585364',2016,'98f6bcd4621d373cade4e832627b4f6','MBA','GENERALAB',NULL),('916659316','Apoorva Kori','apoorvakori@gmail.com','9654653671',2016,'98f6bcd4621d373cade4e832627b4f6','MBA','FM',NULL);
/*!40000 ALTER TABLE `usms_student_2016` ENABLE KEYS */;
UNLOCK TABLES;

--
-- Table structure for table `usms_subject_allocation`
--

DROP TABLE IF EXISTS `usms_subject_allocation`;
/*!40101 SET @saved_cs_client     = @@character_set_client */;
/*!40101 SET character_set_client = utf8 */;
CREATE TABLE `usms_subject_allocation` (
  `feedback_id` int(4) NOT NULL,
  `batch_id` int(3) NOT NULL,
  `subject_code` varchar(20) NOT NULL,
  `instructor_code` varchar(15) NOT NULL,
  `subject_name` varchar(100) NOT NULL,
  `type` varchar(15) NOT NULL,
  `attendance_id` int(4) DEFAULT NULL,
  PRIMARY KEY (`feedback_id`)
) ENGINE=InnoDB DEFAULT CHARSET=latin1;
/*!40101 SET character_set_client = @saved_cs_client */;

--
-- Dumping data for table `usms_subject_allocation`
--

LOCK TABLES `usms_subject_allocation` WRITE;
/*!40000 ALTER TABLE `usms_subject_allocation` DISABLE KEYS */;
INSERT INTO `usms_subject_allocation` VALUES (1,1,'MS-101','30088','Management Process & Organizational Behaviour','Theory',1),(2,1,'MS-103','30766','Decision Sciences','Theory',2),(3,1,'MS-105','30181','Managerial Economics','Theory',3),(4,1,'MS-107','30133','Accounting for Management','Theory',4),(5,1,'MS-109','30495','Information Technology Management','Theory',5),(6,1,'MS-111','30182','Business Communication','Theory',6),(7,1,'MS-113','30288','Business and Legal Environment','Theory',7),(8,1,'MS-151','30495','Information Technology Management Lab','Practical',8),(9,2,'MS-101','30088','Management Process & Organizational Behaviour','Theory',9),(10,2,'MS-103','30766','Decision Sciences','Theory',10),(11,2,'MS-105','30181','Managerial Economics','Theory',11),(12,2,'MS-107','30133','Accounting for Management','Theory',12),(13,2,'MS-109','30192','Information Technology Management','Theory',13),(14,2,'MS-111','30182','Business Communication','Theory',14),(15,2,'MS-113','30288','Business and Legal Environment','Theory',15),(16,2,'MS-151','30192','Information Technology Management Lab','Practical',16),(17,3,'MS-217','30757','International Financial Management ','Theory',17),(18,3,'MS-219','30600','Financial Markets and Institutions','Theory',18),(19,3,'MS 221','30728','Security Analysis and Investment Management','Theory',19),(20,3,'MS-227','30676','Industrial Relations &Labour Laws','Theory',20),(21,3,'MS-229','30601','Training and Developments System and Practices','Theory',21),(22,3,'MS-231','30132','Performance Management','Theory',22),(23,3,'MS-237','30306','Netwoking Applications and Management','Theory',23),(24,3,'MS-239','30192','Database Management Systems','Theory',24),(25,3,'MS-251','30192','Database Management Systems Lab','Practical',25),(26,3,'MS-241','30081','International Business Environment','Theory',26),(27,3,'MS-243','30081','Export, Import Policies, Procedures and Documentation','Theory',27),(28,4,'MS-203','30081','MIB','Theory',28),(29,4,'MS-205','30306','ISM','Theory',29),(30,4,'MS-207','30110','ESBD','Theory',30),(31,4,'MS-209','30289','CB','Theory',31),(32,4,'MS-211','30110','SDM','Theory',32),(33,4,'MS-215','30132','SM','Theory',33),(34,4,'MS-217','30757','IFM','Theory',34),(35,4,'MS-219','30600','FMI','Theory',35),(36,4,'MS 221','30728','SAIM','Theory',36),(37,4,'MS-227','30676','IRLL','Theory',37),(38,4,'MS-229','30601','TDSP','Theory',38),(39,4,'MS-231','30132','PM','Theory',39),(40,4,'MS-237','30306','NAM','Theory',40),(41,4,'MS-239','30192','DBMS','Theory',41),(42,4,'MS-251','30192','DBMS LAB','Practical',42),(43,4,'MS-241','30081','IBE','Theory',43),(44,4,'MS-243','30081','EIPPD','Theory',44),(45,4,'BMS-549','30110','OM','Theory',45),(46,5,'MS(FM) 101','30596',' Management Process and Organizational Behaviour','Theory',46),(47,5,'MS(FM) 103','30600',' Introduction to Financial Markets and Mutual Funds','Theory',47),(48,5,'MS(FM) 105','30619',' Managerial Economics','Theory',48),(49,5,'MS(FM) 107','30133',' Accounting for Management','Theory',49),(50,5,'MS(FM) 109','30192',' Information Technology Management','Theory',50),(51,5,'MS(FM) 111','30600',' Capital Market Operations','Theory',51),(52,5,'MS(FM) 113','30728',' Financial Management','Theory',52),(53,5,'MS(FM) 151','30766',' Information Technology Management (Lab)','Practical',53),(54,7,'MS(FM) 203','30600',' Equity Derivatives Market Operations','Theory',54),(55,7,'MS(FM) 205','30765',' Regulatory Framework in Security Market','Theory',55),(56,7,'MS(FM)207','30728',' Technical Analysis','Theory',56),(57,7,'MS(FM) 209','30770',' Interest Rate Derivatives','Theory',57),(58,7,'MS(FM) 213','30765',' Debt Market','Theory',58),(59,7,'MS(FM) 219','30770',' Equity Research','Theory',59),(60,7,'MS(FM) 221','30757',' Investment Banking','Theory',60),(61,7,'MS(FM)223','30757',' Financial Valuation and Modeling','Theory',61),(62,9,'BMS 401','30288','BUSINESS LAW','Theory',62),(63,9,'BMS 403','30770','FINANCIAL MANAGEMENT','Theory',63),(64,10,'BMS-503','30081','Management of International Business','Theory',64),(65,10,'BMS-505','30306','Information System Management','Theory',65),(66,10,'BMS-507','30110','Entrepreneurship and Small Business Development','Theory',66),(67,10,'BMS -549','30110',' Operation Management','Theory',67),(68,10,'BMS517','30757','International Financial Management ','Theory',68),(69,10,'BMS 519','30600','Financial Markets and Institutions','Theory',69),(70,10,'BMS 521','30728','Security Analysis and Investment Management','Theory',70),(71,10,'BMS 509','30289','Consumer Behaviour','Theory',71),(72,10,'BMS 515','30132','Services Marketing','Theory',72),(73,10,'BMS 511','30110','Sales and Distribution Management','Theory',73),(74,10,'BMS 541','30081','International Business Environment','Theory',74),(75,10,'BMS 543','30081','Export, Import Policies, Procedures and Documentation','Theory',75);
/*!40000 ALTER TABLE `usms_subject_allocation` ENABLE KEYS */;
UNLOCK TABLES;

--
-- Table structure for table `usms_teacher`
--

DROP TABLE IF EXISTS `usms_teacher`;
/*!40101 SET @saved_cs_client     = @@character_set_client */;
/*!40101 SET character_set_client = utf8 */;
CREATE TABLE `usms_teacher` (
  `instructor_id` varchar(20) NOT NULL,
  `name` varchar(100) NOT NULL,
  `email` varchar(100) DEFAULT NULL,
  `phone` varchar(100) DEFAULT NULL,
  `date_of_joining` varchar(20) DEFAULT NULL,
  `password` varchar(200) NOT NULL,
  `designation` varchar(100) NOT NULL,
  PRIMARY KEY (`instructor_id`)
) ENGINE=InnoDB DEFAULT CHARSET=latin1;
/*!40101 SET character_set_client = @saved_cs_client */;

--
-- Dumping data for table `usms_teacher`
--

LOCK TABLES `usms_teacher` WRITE;
/*!40000 ALTER TABLE `usms_teacher` DISABLE KEYS */;
INSERT INTO `usms_teacher` VALUES ('30081','Prof  Vijita S. Aggarwal ','vijitasaggarwal@gmail.com','9718503820','24.06.1999','98f6bcd4621d373cade4e832627b4f6','Professor '),('30083','Prof. Neena Sinha ','dr_neenasinha@yahoo.com','9818056810','22.06.1999','98f6bcd4621d373cade4e832627b4f6','Professor '),('30088','Prof. Shalini Garg ','shalinivineet@yahoo.com','9811994883','22.06.1999','98f6bcd4621d373cade4e832627b4f6','Professor '),('30110','Mr. Amit Sharma ','amitsharma.ipu@gmail.com','9810199949','22.06.1999','98f6bcd4621d373cade4e832627b4f6','Assistant Professor'),('30132','Prof Meenakshi Handa ','meenakshi_handa@hotmail.com','9891125558','24.12.1999','98f6bcd4621d373cade4e832627b4f6','Professor '),('30133','Mr. V.K. Wadhwa ','wadhwa.v.k@gmail.com','9868112939','14.12.1999','98f6bcd4621d373cade4e832627b4f6','Assistant Professor'),('30181','Prof R K Mittal ','dr123mittal@yahoo.com','8586888937','16.06.2000','98f6bcd4621d373cade4e832627b4f6','Professor '),('30182','Prof. Anu Singh Lather  ','anusinghlather@gmail.com','9871433504','12.06.2000','98f6bcd4621d373cade4e832627b4f6','Professor '),('30192','Mr. Sanjay Dhingra ','sdhingra342003@yahoo.com','9811305395','14.07.2000','98f6bcd4621d373cade4e832627b4f6','Associate Professor'),('30288','Dr. S. Sanjay Kumar','sanjay.hcu@gmail.com','9868361708','26.07.2002','98f6bcd4621d373cade4e832627b4f6','Assistant Professor'),('30289','Prof. Sanjeev Mittal ','dr_sanjivmittal@yahoo.co.in','9899812268','20.06.2002','98f6bcd4621d373cade4e832627b4f6','Professor & Dean'),('30306','Prof Udita Taneja ','udita.taneja@gmail.com','9818552305','19.07.2002','98f6bcd4621d373cade4e832627b4f6','Professor '),('30495','Prof. A.K. Saini ','aksaini1960@gmail.com','9811165001','01.06.2009','98f6bcd4621d373cade4e832627b4f6','Professor '),('30596','Prof Puja Khatri ','pujakhatri12@gmail.com','9810321862','25.09.2007','98f6bcd4621d373cade4e832627b4f6','Professor '),('30600','Dr. Divya Verma ','divya.ipu@gmail.com','9899841851','25.09.2007','98f6bcd4621d373cade4e832627b4f6','Assistant Professor'),('30601','Ms. Deepti Prakash ','deeptimprakash@gmail.com','9910211774','10.10.2007','98f6bcd4621d373cade4e832627b4f6','Assistant Professor'),('30619','Dr Sanchita Bansal','bansalsanchita@gmail.com','9871712601','21.07.2008','98f6bcd4621d373cade4e832627b4f6','Assistant Professor'),('30676','Dr. Shilpa Jain','shilpajain.usms@gmail.com','9811131416','18.11.2010','98f6bcd4621d373cade4e832627b4f6','Assistant Professor'),('30728','Dr. Ashish Kumar','ashish_prl@yahoo.com','9871322676','10.07.2012','98f6bcd4621d373cade4e832627b4f6','Assistant Professor'),('30757','Dr Gagandeep Sharma','gagan.is.sharma@gmail.com','8527400113','26.09.2013','98f6bcd4621d373cade4e832627b4f6','Assistant Professor'),('30765','Ms Bharti','bharti.1119@gmail.com','8373904660','13.01.2014','98f6bcd4621d373cade4e832627b4f6','Assistant Professor'),('30766','Ms Sinthiya','sinthiya.091286@gmail.com','9911065801','24.12.2013','98f6bcd4621d373cade4e832627b4f6','Assistant Professor'),('30770','Mr Gaurav Talan','gauravtalan@ipu.ac.in','9891853680','01.01.2014','98f6bcd4621d373cade4e832627b4f6','Assistant Professor');
/*!40000 ALTER TABLE `usms_teacher` ENABLE KEYS */;
UNLOCK TABLES;
/*!40103 SET TIME_ZONE=@OLD_TIME_ZONE */;

/*!40101 SET SQL_MODE=@OLD_SQL_MODE */;
/*!40014 SET FOREIGN_KEY_CHECKS=@OLD_FOREIGN_KEY_CHECKS */;
/*!40014 SET UNIQUE_CHECKS=@OLD_UNIQUE_CHECKS */;
/*!40101 SET CHARACTER_SET_CLIENT=@OLD_CHARACTER_SET_CLIENT */;
/*!40101 SET CHARACTER_SET_RESULTS=@OLD_CHARACTER_SET_RESULTS */;
/*!40101 SET COLLATION_CONNECTION=@OLD_COLLATION_CONNECTION */;
/*!40111 SET SQL_NOTES=@OLD_SQL_NOTES */;

-- Dump completed on 2016-11-18 13:47:18
