-- phpMyAdmin SQL Dump
-- version 4.7.7
-- https://www.phpmyadmin.net/
--
-- Host: localhost
-- Generation Time: Jan 17, 2018 at 09:12 PM
-- Server version: 5.7.20
-- PHP Version: 7.1.7

SET SQL_MODE = "NO_AUTO_VALUE_ON_ZERO";
SET AUTOCOMMIT = 0;
START TRANSACTION;
SET time_zone = "+00:00";


/*!40101 SET @OLD_CHARACTER_SET_CLIENT=@@CHARACTER_SET_CLIENT */;
/*!40101 SET @OLD_CHARACTER_SET_RESULTS=@@CHARACTER_SET_RESULTS */;
/*!40101 SET @OLD_COLLATION_CONNECTION=@@COLLATION_CONNECTION */;
/*!40101 SET NAMES utf8mb4 */;

--
-- Database: `sdc`
--

-- --------------------------------------------------------

--
-- Table structure for table `auth_group`
--

CREATE TABLE `auth_group` (
  `id` int(11) NOT NULL,
  `name` varchar(80) NOT NULL
) ENGINE=InnoDB DEFAULT CHARSET=latin1;

-- --------------------------------------------------------

--
-- Table structure for table `auth_group_permissions`
--

CREATE TABLE `auth_group_permissions` (
  `id` int(11) NOT NULL,
  `group_id` int(11) NOT NULL,
  `permission_id` int(11) NOT NULL
) ENGINE=InnoDB DEFAULT CHARSET=latin1;

-- --------------------------------------------------------

--
-- Table structure for table `auth_permission`
--

CREATE TABLE `auth_permission` (
  `id` int(11) NOT NULL,
  `name` varchar(255) NOT NULL,
  `content_type_id` int(11) NOT NULL,
  `codename` varchar(100) NOT NULL
) ENGINE=InnoDB DEFAULT CHARSET=latin1;

--
-- Dumping data for table `auth_permission`
--

INSERT INTO `auth_permission` (`id`, `name`, `content_type_id`, `codename`) VALUES
(1, 'Can add log entry', 1, 'add_logentry'),
(2, 'Can change log entry', 1, 'change_logentry'),
(3, 'Can delete log entry', 1, 'delete_logentry'),
(4, 'Can add group', 2, 'add_group'),
(5, 'Can change group', 2, 'change_group'),
(6, 'Can delete group', 2, 'delete_group'),
(7, 'Can add permission', 3, 'add_permission'),
(8, 'Can change permission', 3, 'change_permission'),
(9, 'Can delete permission', 3, 'delete_permission'),
(10, 'Can add user', 4, 'add_user'),
(11, 'Can change user', 4, 'change_user'),
(12, 'Can delete user', 4, 'delete_user'),
(13, 'Can add content type', 5, 'add_contenttype'),
(14, 'Can change content type', 5, 'change_contenttype'),
(15, 'Can delete content type', 5, 'delete_contenttype'),
(16, 'Can add session', 6, 'add_session'),
(17, 'Can change session', 6, 'change_session'),
(18, 'Can delete session', 6, 'delete_session'),
(19, 'Can add usict attendance', 7, 'add_usictattendance'),
(20, 'Can change usict attendance', 7, 'change_usictattendance'),
(21, 'Can delete usict attendance', 7, 'delete_usictattendance'),
(22, 'Can add sessions', 8, 'add_sessions'),
(23, 'Can change sessions', 8, 'change_sessions'),
(24, 'Can delete sessions', 8, 'delete_sessions'),
(25, 'Can add usict batch allocation', 9, 'add_usictbatchallocation'),
(26, 'Can change usict batch allocation', 9, 'change_usictbatchallocation'),
(27, 'Can delete usict batch allocation', 9, 'delete_usictbatchallocation'),
(28, 'Can add usict teacher', 10, 'add_usictteacher'),
(29, 'Can change usict teacher', 10, 'change_usictteacher'),
(30, 'Can delete usict teacher', 10, 'delete_usictteacher'),
(31, 'Can add usict students', 11, 'add_usictstudents'),
(32, 'Can change usict students', 11, 'change_usictstudents'),
(33, 'Can delete usict students', 11, 'delete_usictstudents'),
(34, 'Can add usict subject allocation', 12, 'add_usictsubjectallocation'),
(35, 'Can change usict subject allocation', 12, 'change_usictsubjectallocation'),
(36, 'Can delete usict subject allocation', 12, 'delete_usictsubjectallocation');

-- --------------------------------------------------------

--
-- Table structure for table `auth_user`
--

CREATE TABLE `auth_user` (
  `id` int(11) NOT NULL,
  `password` varchar(128) NOT NULL,
  `last_login` datetime(6) DEFAULT NULL,
  `is_superuser` tinyint(1) NOT NULL,
  `username` varchar(150) NOT NULL,
  `first_name` varchar(30) NOT NULL,
  `last_name` varchar(30) NOT NULL,
  `email` varchar(254) NOT NULL,
  `is_staff` tinyint(1) NOT NULL,
  `is_active` tinyint(1) NOT NULL,
  `date_joined` datetime(6) NOT NULL
) ENGINE=InnoDB DEFAULT CHARSET=latin1;

--
-- Dumping data for table `auth_user`
--

INSERT INTO `auth_user` (`id`, `password`, `last_login`, `is_superuser`, `username`, `first_name`, `last_name`, `email`, `is_staff`, `is_active`, `date_joined`) VALUES
(1, 'pbkdf2_sha256$36000$4yVVy4nnjNnQ$iGvuLc46VC2/yndAKByMrFl8zvRkHXtpydveSh7G47o=', '2017-10-25 14:33:44.922209', 1, 'admin', '', '', 'neelansh5@gmail.com', 1, 1, '2017-10-25 14:32:45.927113'),
(2, 'pbkdf2_sha256$36000$0W3lel8LQ5aY$d3yFP/BE1n1dfmShFZrXO+aWZBPmTenx5KVKg11iI7I=', '2018-01-12 17:21:43.956130', 1, 'prabhanshu', '', '', '', 1, 1, '2018-01-12 17:21:26.336813');

-- --------------------------------------------------------

--
-- Table structure for table `auth_user_groups`
--

CREATE TABLE `auth_user_groups` (
  `id` int(11) NOT NULL,
  `user_id` int(11) NOT NULL,
  `group_id` int(11) NOT NULL
) ENGINE=InnoDB DEFAULT CHARSET=latin1;

-- --------------------------------------------------------

--
-- Table structure for table `auth_user_user_permissions`
--

CREATE TABLE `auth_user_user_permissions` (
  `id` int(11) NOT NULL,
  `user_id` int(11) NOT NULL,
  `permission_id` int(11) NOT NULL
) ENGINE=InnoDB DEFAULT CHARSET=latin1;

-- --------------------------------------------------------

--
-- Table structure for table `django_admin_log`
--

CREATE TABLE `django_admin_log` (
  `id` int(11) NOT NULL,
  `action_time` datetime(6) NOT NULL,
  `object_id` longtext,
  `object_repr` varchar(200) NOT NULL,
  `action_flag` smallint(5) UNSIGNED NOT NULL,
  `change_message` longtext NOT NULL,
  `content_type_id` int(11) DEFAULT NULL,
  `user_id` int(11) NOT NULL
) ENGINE=InnoDB DEFAULT CHARSET=latin1;

-- --------------------------------------------------------

--
-- Table structure for table `django_content_type`
--

CREATE TABLE `django_content_type` (
  `id` int(11) NOT NULL,
  `app_label` varchar(100) NOT NULL,
  `model` varchar(100) NOT NULL
) ENGINE=InnoDB DEFAULT CHARSET=latin1;

--
-- Dumping data for table `django_content_type`
--

INSERT INTO `django_content_type` (`id`, `app_label`, `model`) VALUES
(1, 'admin', 'logentry'),
(2, 'auth', 'group'),
(3, 'auth', 'permission'),
(4, 'auth', 'user'),
(5, 'contenttypes', 'contenttype'),
(8, 'deandashboard', 'sessions'),
(7, 'deandashboard', 'usictattendance'),
(9, 'deandashboard', 'usictbatchallocation'),
(11, 'deandashboard', 'usictstudents'),
(12, 'deandashboard', 'usictsubjectallocation'),
(10, 'deandashboard', 'usictteacher'),
(6, 'sessions', 'session');

-- --------------------------------------------------------

--
-- Table structure for table `django_migrations`
--

CREATE TABLE `django_migrations` (
  `id` int(11) NOT NULL,
  `app` varchar(255) NOT NULL,
  `name` varchar(255) NOT NULL,
  `applied` datetime(6) NOT NULL
) ENGINE=InnoDB DEFAULT CHARSET=latin1;

--
-- Dumping data for table `django_migrations`
--

INSERT INTO `django_migrations` (`id`, `app`, `name`, `applied`) VALUES
(1, 'contenttypes', '0001_initial', '2017-10-25 14:17:02.794269'),
(2, 'auth', '0001_initial', '2017-10-25 14:17:03.523166'),
(3, 'admin', '0001_initial', '2017-10-25 14:17:03.716460'),
(4, 'admin', '0002_logentry_remove_auto_add', '2017-10-25 14:17:03.741145'),
(5, 'contenttypes', '0002_remove_content_type_name', '2017-10-25 14:17:03.868209'),
(6, 'auth', '0002_alter_permission_name_max_length', '2017-10-25 14:17:03.884845'),
(7, 'auth', '0003_alter_user_email_max_length', '2017-10-25 14:17:03.914089'),
(8, 'auth', '0004_alter_user_username_opts', '2017-10-25 14:17:03.932445'),
(9, 'auth', '0005_alter_user_last_login_null', '2017-10-25 14:17:03.996678'),
(10, 'auth', '0006_require_contenttypes_0002', '2017-10-25 14:17:04.006754'),
(11, 'auth', '0007_alter_validators_add_error_messages', '2017-10-25 14:17:04.024438'),
(12, 'auth', '0008_alter_user_username_max_length', '2017-10-25 14:17:04.058792'),
(13, 'deandashboard', '0001_initial', '2017-10-25 14:17:04.712449'),
(14, 'sessions', '0001_initial', '2017-10-25 14:17:04.778617'),
(15, 'deandashboard', '0002_usictteacher_isdean', '2017-11-04 11:17:59.138062');

-- --------------------------------------------------------

--
-- Table structure for table `django_session`
--

CREATE TABLE `django_session` (
  `session_key` varchar(40) NOT NULL,
  `session_data` longtext NOT NULL,
  `expire_date` datetime(6) NOT NULL
) ENGINE=InnoDB DEFAULT CHARSET=latin1;

--
-- Dumping data for table `django_session`
--

INSERT INTO `django_session` (`session_key`, `session_data`, `expire_date`) VALUES
('7kdems2hycisl0t4zi8qm9tjnajrbkpy', 'ZjU3NDYyMzZmZWUwYzZmYzMzYmZlYWE4ZjdiZTk1MmVhODE0Njg3YTp7Il9hdXRoX3VzZXJfaGFzaCI6ImE4OTc1OTE1ZDk2NGQ2YWJlYTNlOWQ3YjI2MTA2Yzg4YWQ2YTFlNGMiLCJfYXV0aF91c2VyX2JhY2tlbmQiOiJkamFuZ28uY29udHJpYi5hdXRoLmJhY2tlbmRzLk1vZGVsQmFja2VuZCIsIl9hdXRoX3VzZXJfaWQiOiIyIn0=', '2018-01-26 17:21:43.962898');

-- --------------------------------------------------------

--
-- Table structure for table `sessions`
--

CREATE TABLE `sessions` (
  `session_id` varchar(128) NOT NULL,
  `expires` int(11) NOT NULL,
  `data` longtext
) ENGINE=InnoDB DEFAULT CHARSET=latin1;

--
-- Dumping data for table `sessions`
--

INSERT INTO `sessions` (`session_id`, `expires`, `data`) VALUES
('j1hH3GsOj-3ZRsRogW-TEeyvO93dP-sx', 1516309010, '{\"cookie\":{\"originalMaxAge\":null,\"expires\":null,\"httpOnly\":true,\"path\":\"/\"},\"flash\":{},\"passport\":{\"user\":{\"id\":\"30746\",\"school\":\"usict\",\"isTeacher\":true,\"isStudent\":false}}}');

-- --------------------------------------------------------

--
-- Table structure for table `usict_attendance`
--

CREATE TABLE `usict_attendance` (
  `id` int(11) NOT NULL,
  `lecture_timestamp` datetime(6) NOT NULL,
  `duration_of_class` int(11) NOT NULL,
  `attendance` varchar(2) NOT NULL,
  `student` bigint(20) NOT NULL,
  `subject_id` int(11) NOT NULL
) ENGINE=InnoDB DEFAULT CHARSET=latin1;

--
-- Dumping data for table `usict_attendance`
--

INSERT INTO `usict_attendance` (`id`, `lecture_timestamp`, `duration_of_class`, `attendance`, `student`, `subject_id`) VALUES
(2, '2017-10-25 11:00:00.000000', 2, 'A', 1516401514, 62),
(3, '2017-10-25 11:00:00.000000', 2, 'P', 216401514, 62),
(4, '2017-10-25 11:00:00.000000', 2, 'P', 916401514, 62),
(5, '2017-10-25 11:00:00.000000', 2, 'P', 1216401514, 62),
(6, '2017-10-25 11:00:00.000000', 2, 'P', 816401514, 62),
(7, '2017-10-25 11:00:00.000000', 2, 'P', 416401514, 62),
(8, '2017-10-25 11:00:00.000000', 2, 'A', 1416401514, 62),
(9, '2017-10-25 11:00:00.000000', 2, 'A', 1616401514, 62),
(10, '2017-10-25 11:00:00.000000', 2, 'P', 516401514, 62),
(11, '2017-10-25 11:00:00.000000', 2, 'P', 1016401514, 62),
(12, '2017-10-25 11:00:00.000000', 2, 'A', 1116401514, 62),
(13, '2017-10-25 11:00:00.000000', 2, 'A', 1716401514, 62),
(14, '2017-10-25 11:00:00.000000', 2, 'A', 1916401514, 62),
(15, '2017-10-25 11:00:00.000000', 2, 'A', 2016401514, 62),
(16, '2017-10-25 11:00:00.000000', 2, 'A', 2316401514, 62),
(17, '2017-10-25 11:00:00.000000', 2, 'A', 2416401514, 62),
(18, '2017-10-25 11:00:00.000000', 2, 'A', 2716401514, 62),
(19, '2017-10-25 11:00:00.000000', 2, 'A', 2816401514, 62),
(20, '2017-10-25 11:00:00.000000', 2, 'A', 3016401514, 62),
(21, '2017-10-25 11:00:00.000000', 2, 'A', 3216401514, 62),
(22, '2017-10-25 11:00:00.000000', 2, 'A', 3316401514, 62),
(23, '2017-10-25 11:00:00.000000', 2, 'A', 3416401514, 62),
(24, '2017-10-25 11:00:00.000000', 2, 'A', 3516401514, 62),
(25, '2017-10-25 11:00:00.000000', 2, 'A', 3816401514, 62),
(26, '2017-10-25 11:00:00.000000', 2, 'A', 3916401514, 62),
(27, '2017-10-25 11:00:00.000000', 2, 'A', 4216401514, 62),
(28, '2017-10-25 11:00:00.000000', 2, 'A', 4316401514, 62),
(29, '2017-10-25 11:00:00.000000', 2, 'A', 4416401514, 62),
(30, '2017-10-25 11:00:00.000000', 2, 'A', 4616401514, 62),
(31, '2017-10-25 11:00:00.000000', 2, 'A', 4716401514, 62),
(32, '2017-10-25 11:00:00.000000', 2, 'A', 4816401514, 62),
(33, '2017-10-25 11:00:00.000000', 2, 'A', 4116401514, 62),
(34, '2017-10-25 11:00:00.000000', 2, 'A', 4916401514, 62),
(35, '2017-10-25 11:00:00.000000', 2, 'A', 5116401514, 62),
(36, '2017-10-25 11:00:00.000000', 2, 'A', 5216401514, 62),
(37, '2017-10-25 11:00:00.000000', 2, 'A', 5016401514, 62),
(38, '2017-10-25 11:00:00.000000', 2, 'A', 5316401514, 62),
(39, '2017-10-25 11:00:00.000000', 2, 'A', 5416401514, 62),
(40, '2017-10-25 11:00:00.000000', 2, 'A', 5516401514, 62),
(41, '2017-10-25 11:00:00.000000', 2, 'A', 5716401514, 62),
(42, '2017-10-25 11:00:00.000000', 2, 'A', 5916401514, 62),
(43, '2017-10-25 11:00:00.000000', 2, 'A', 6216401514, 62),
(44, '2017-10-25 11:00:00.000000', 2, 'A', 6016401514, 62),
(45, '2017-10-25 11:00:00.000000', 2, 'A', 6116401514, 62),
(46, '2017-10-25 11:00:00.000000', 2, 'A', 6516401514, 62),
(47, '2017-10-25 11:00:00.000000', 2, 'A', 6316401514, 62),
(48, '2017-10-25 11:00:00.000000', 2, 'A', 6916401514, 62),
(49, '2017-10-25 11:00:00.000000', 2, 'A', 5816401514, 62),
(50, '2017-10-25 11:00:00.000000', 2, 'A', 6716401514, 62),
(51, '2017-10-25 11:00:00.000000', 2, 'A', 7016401514, 62),
(52, '2017-10-25 11:00:00.000000', 2, 'A', 7116401514, 62),
(53, '2017-10-25 11:00:00.000000', 2, 'A', 7216401514, 62),
(54, '2017-10-25 11:00:00.000000', 2, 'A', 7316401514, 62),
(55, '2017-10-25 11:00:00.000000', 2, 'A', 7416401514, 62),
(56, '2017-10-25 11:00:00.000000', 2, 'A', 7516401514, 62),
(57, '2017-10-25 11:00:00.000000', 2, 'A', 7716401514, 62),
(58, '2017-10-25 11:00:00.000000', 2, 'A', 7816401514, 62),
(59, '2017-10-25 11:00:00.000000', 2, 'A', 7916401514, 62),
(60, '2017-10-25 11:00:00.000000', 2, 'A', 8016401514, 62),
(61, '2017-10-25 11:00:00.000000', 2, 'A', 8316401514, 62),
(62, '2017-10-25 11:00:00.000000', 2, 'A', 8616401514, 62),
(63, '2017-10-25 11:00:00.000000', 2, 'A', 8516401514, 62),
(64, '2017-10-25 11:00:00.000000', 2, 'A', 8716401514, 62),
(65, '2017-10-25 11:00:00.000000', 2, 'A', 60016401514, 62),
(66, '2017-10-25 11:00:00.000000', 2, 'A', 60116401514, 62),
(67, '2017-10-25 11:00:00.000000', 2, 'A', 60216401514, 62),
(68, '2017-10-25 11:00:00.000000', 2, 'A', 60316401514, 62),
(69, '2017-10-25 11:00:00.000000', 2, 'A', 9516401514, 62),
(70, '2017-10-25 11:00:00.000000', 2, 'A', 40116401514, 62),
(71, '2017-04-19 07:35:00.000000', 2, 'A', 1516401514, 62),
(72, '2017-04-19 07:35:00.000000', 2, 'P', 216401514, 62),
(73, '2017-04-19 07:35:00.000000', 2, 'P', 416401514, 62),
(74, '2017-04-19 07:35:00.000000', 2, 'P', 516401514, 62),
(75, '2017-04-19 07:35:00.000000', 2, 'A', 816401514, 62),
(76, '2017-04-19 07:35:00.000000', 2, 'A', 916401514, 62),
(77, '2017-04-19 07:35:00.000000', 2, 'A', 1016401514, 62),
(78, '2017-04-19 07:35:00.000000', 2, 'A', 1116401514, 62),
(79, '2017-04-19 07:35:00.000000', 2, 'A', 1416401514, 62),
(80, '2017-04-19 07:35:00.000000', 2, 'A', 1616401514, 62),
(81, '2017-04-19 07:35:00.000000', 2, 'A', 1216401514, 62),
(82, '2017-04-19 07:35:00.000000', 2, 'A', 1716401514, 62),
(83, '2017-04-19 07:35:00.000000', 2, 'A', 1916401514, 62),
(84, '2017-04-19 07:35:00.000000', 2, 'A', 2016401514, 62),
(85, '2017-04-19 07:35:00.000000', 2, 'A', 2316401514, 62),
(86, '2017-04-19 07:35:00.000000', 2, 'A', 2416401514, 62),
(87, '2017-04-19 07:35:00.000000', 2, 'A', 2716401514, 62),
(88, '2017-04-19 07:35:00.000000', 2, 'A', 2816401514, 62),
(89, '2017-04-19 07:35:00.000000', 2, 'A', 3016401514, 62),
(90, '2017-04-19 07:35:00.000000', 2, 'A', 3216401514, 62),
(91, '2017-04-19 07:35:00.000000', 2, 'A', 3316401514, 62),
(92, '2017-04-19 07:35:00.000000', 2, 'A', 3416401514, 62),
(93, '2017-04-19 07:35:00.000000', 2, 'A', 3516401514, 62),
(94, '2017-04-19 07:35:00.000000', 2, 'A', 3816401514, 62),
(95, '2017-04-19 07:35:00.000000', 2, 'A', 3916401514, 62),
(96, '2017-04-19 07:35:00.000000', 2, 'A', 4116401514, 62),
(97, '2017-04-19 07:35:00.000000', 2, 'A', 4216401514, 62),
(98, '2017-04-19 07:35:00.000000', 2, 'A', 4316401514, 62),
(99, '2017-04-19 07:35:00.000000', 2, 'A', 4416401514, 62),
(100, '2017-04-19 07:35:00.000000', 2, 'A', 4616401514, 62),
(101, '2017-04-19 07:35:00.000000', 2, 'A', 4716401514, 62),
(102, '2017-04-19 07:35:00.000000', 2, 'A', 4816401514, 62),
(103, '2017-04-19 07:35:00.000000', 2, 'A', 4916401514, 62),
(104, '2017-04-19 07:35:00.000000', 2, 'A', 5016401514, 62),
(105, '2017-04-19 07:35:00.000000', 2, 'A', 5116401514, 62),
(106, '2017-04-19 07:35:00.000000', 2, 'A', 5216401514, 62),
(107, '2017-04-19 07:35:00.000000', 2, 'A', 5316401514, 62),
(108, '2017-04-19 07:35:00.000000', 2, 'A', 5416401514, 62),
(109, '2017-04-19 07:35:00.000000', 2, 'A', 5516401514, 62),
(110, '2017-04-19 07:35:00.000000', 2, 'A', 5716401514, 62),
(111, '2017-04-19 07:35:00.000000', 2, 'A', 5816401514, 62),
(112, '2017-04-19 07:35:00.000000', 2, 'A', 5916401514, 62),
(113, '2017-04-19 07:35:00.000000', 2, 'A', 6016401514, 62),
(114, '2017-04-19 07:35:00.000000', 2, 'A', 6116401514, 62),
(115, '2017-04-19 07:35:00.000000', 2, 'A', 6216401514, 62),
(116, '2017-04-19 07:35:00.000000', 2, 'A', 6516401514, 62),
(117, '2017-04-19 07:35:00.000000', 2, 'A', 6716401514, 62),
(118, '2017-04-19 07:35:00.000000', 2, 'A', 6916401514, 62),
(119, '2017-04-19 07:35:00.000000', 2, 'A', 7016401514, 62),
(120, '2017-04-19 07:35:00.000000', 2, 'A', 6316401514, 62),
(121, '2017-04-19 07:35:00.000000', 2, 'A', 7116401514, 62),
(122, '2017-04-19 07:35:00.000000', 2, 'A', 7216401514, 62),
(123, '2017-04-19 07:35:00.000000', 2, 'A', 7316401514, 62),
(124, '2017-04-19 07:35:00.000000', 2, 'A', 7416401514, 62),
(125, '2017-04-19 07:35:00.000000', 2, 'A', 7516401514, 62),
(126, '2017-04-19 07:35:00.000000', 2, 'A', 7716401514, 62),
(127, '2017-04-19 07:35:00.000000', 2, 'A', 7816401514, 62),
(128, '2017-04-19 07:35:00.000000', 2, 'A', 7916401514, 62),
(129, '2017-04-19 07:35:00.000000', 2, 'A', 8016401514, 62),
(130, '2017-04-19 07:35:00.000000', 2, 'A', 8316401514, 62),
(131, '2017-04-19 07:35:00.000000', 2, 'A', 8516401514, 62),
(132, '2017-04-19 07:35:00.000000', 2, 'A', 8616401514, 62),
(133, '2017-04-19 07:35:00.000000', 2, 'A', 8716401514, 62),
(134, '2017-04-19 07:35:00.000000', 2, 'A', 9516401514, 62),
(135, '2017-04-19 07:35:00.000000', 2, 'A', 40116401514, 62),
(136, '2017-04-19 07:35:00.000000', 2, 'A', 60016401514, 62),
(137, '2017-04-19 07:35:00.000000', 2, 'A', 60116401514, 62),
(138, '2017-04-19 07:35:00.000000', 2, 'A', 60216401514, 62),
(139, '2017-04-19 07:35:00.000000', 2, 'A', 60316401514, 62),
(140, '2017-10-27 03:15:00.000000', 1, 'A', 1516401514, 62),
(141, '2017-10-27 03:15:00.000000', 1, 'P', 216401514, 62),
(142, '2017-10-27 03:15:00.000000', 1, 'P', 516401514, 62),
(143, '2017-10-27 03:15:00.000000', 1, 'P', 816401514, 62),
(144, '2017-10-27 03:15:00.000000', 1, 'P', 916401514, 62),
(145, '2017-10-27 03:15:00.000000', 1, 'P', 416401514, 62),
(146, '2017-10-27 03:15:00.000000', 1, 'P', 1016401514, 62),
(147, '2017-10-27 03:15:00.000000', 1, 'A', 1416401514, 62),
(148, '2017-10-27 03:15:00.000000', 1, 'P', 1116401514, 62),
(149, '2017-10-27 03:15:00.000000', 1, 'A', 1216401514, 62),
(150, '2017-10-27 03:15:00.000000', 1, 'A', 1616401514, 62),
(151, '2017-10-27 03:15:00.000000', 1, 'A', 1916401514, 62),
(152, '2017-10-27 03:15:00.000000', 1, 'A', 2016401514, 62),
(153, '2017-10-27 03:15:00.000000', 1, 'A', 2416401514, 62),
(154, '2017-10-27 03:15:00.000000', 1, 'A', 2716401514, 62),
(155, '2017-10-27 03:15:00.000000', 1, 'A', 2816401514, 62),
(156, '2017-10-27 03:15:00.000000', 1, 'A', 1716401514, 62),
(157, '2017-10-27 03:15:00.000000', 1, 'A', 2316401514, 62),
(158, '2017-10-27 03:15:00.000000', 1, 'A', 3016401514, 62),
(159, '2017-10-27 03:15:00.000000', 1, 'A', 3216401514, 62),
(160, '2017-10-27 03:15:00.000000', 1, 'A', 3316401514, 62),
(161, '2017-10-27 03:15:00.000000', 1, 'A', 3516401514, 62),
(162, '2017-10-27 03:15:00.000000', 1, 'A', 3816401514, 62),
(163, '2017-10-27 03:15:00.000000', 1, 'A', 3916401514, 62),
(164, '2017-10-27 03:15:00.000000', 1, 'A', 4216401514, 62),
(165, '2017-10-27 03:15:00.000000', 1, 'A', 4316401514, 62),
(166, '2017-10-27 03:15:00.000000', 1, 'A', 4416401514, 62),
(167, '2017-10-27 03:15:00.000000', 1, 'A', 4116401514, 62),
(168, '2017-10-27 03:15:00.000000', 1, 'A', 3416401514, 62),
(169, '2017-10-27 03:15:00.000000', 1, 'A', 4716401514, 62),
(170, '2017-10-27 03:15:00.000000', 1, 'A', 4616401514, 62),
(171, '2017-10-27 03:15:00.000000', 1, 'A', 4816401514, 62),
(172, '2017-10-27 03:15:00.000000', 1, 'A', 4916401514, 62),
(173, '2017-10-27 03:15:00.000000', 1, 'A', 5016401514, 62),
(174, '2017-10-27 03:15:00.000000', 1, 'A', 5116401514, 62),
(175, '2017-10-27 03:15:00.000000', 1, 'A', 5316401514, 62),
(176, '2017-10-27 03:15:00.000000', 1, 'A', 5216401514, 62),
(177, '2017-10-27 03:15:00.000000', 1, 'A', 5716401514, 62),
(178, '2017-10-27 03:15:00.000000', 1, 'A', 5416401514, 62),
(179, '2017-10-27 03:15:00.000000', 1, 'A', 5516401514, 62),
(180, '2017-10-27 03:15:00.000000', 1, 'A', 5816401514, 62),
(181, '2017-10-27 03:15:00.000000', 1, 'A', 5916401514, 62),
(182, '2017-10-27 03:15:00.000000', 1, 'A', 6016401514, 62),
(183, '2017-10-27 03:15:00.000000', 1, 'A', 6116401514, 62),
(184, '2017-10-27 03:15:00.000000', 1, 'A', 6216401514, 62),
(185, '2017-10-27 03:15:00.000000', 1, 'A', 6316401514, 62),
(186, '2017-10-27 03:15:00.000000', 1, 'A', 6516401514, 62),
(187, '2017-10-27 03:15:00.000000', 1, 'A', 6716401514, 62),
(188, '2017-10-27 03:15:00.000000', 1, 'A', 6916401514, 62),
(189, '2017-10-27 03:15:00.000000', 1, 'A', 7016401514, 62),
(190, '2017-10-27 03:15:00.000000', 1, 'A', 7116401514, 62),
(191, '2017-10-27 03:15:00.000000', 1, 'A', 7416401514, 62),
(192, '2017-10-27 03:15:00.000000', 1, 'A', 7516401514, 62),
(193, '2017-10-27 03:15:00.000000', 1, 'A', 7716401514, 62),
(194, '2017-10-27 03:15:00.000000', 1, 'A', 7816401514, 62),
(195, '2017-10-27 03:15:00.000000', 1, 'A', 7216401514, 62),
(196, '2017-10-27 03:15:00.000000', 1, 'A', 7316401514, 62),
(197, '2017-10-27 03:15:00.000000', 1, 'A', 7916401514, 62),
(198, '2017-10-27 03:15:00.000000', 1, 'A', 8016401514, 62),
(199, '2017-10-27 03:15:00.000000', 1, 'A', 8316401514, 62),
(200, '2017-10-27 03:15:00.000000', 1, 'A', 8516401514, 62),
(201, '2017-10-27 03:15:00.000000', 1, 'A', 8616401514, 62),
(202, '2017-10-27 03:15:00.000000', 1, 'A', 8716401514, 62),
(203, '2017-10-27 03:15:00.000000', 1, 'A', 9516401514, 62),
(204, '2017-10-27 03:15:00.000000', 1, 'A', 60016401514, 62),
(205, '2017-10-27 03:15:00.000000', 1, 'A', 60116401514, 62),
(206, '2017-10-27 03:15:00.000000', 1, 'A', 40116401514, 62),
(207, '2017-10-27 03:15:00.000000', 1, 'A', 60316401514, 62),
(208, '2017-10-27 03:15:00.000000', 1, 'A', 60216401514, 62),
(209, '2018-01-02 23:28:00.000000', 2, 'P', 40816403215, 19),
(210, '2018-01-02 23:28:00.000000', 2, 'A', 116403215, 19),
(211, '2018-01-02 23:28:00.000000', 2, 'A', 1216403215, 19),
(212, '2018-01-02 23:28:00.000000', 2, 'A', 416403215, 19),
(213, '2018-01-02 23:28:00.000000', 2, 'A', 516403215, 19),
(214, '2018-01-02 23:28:00.000000', 2, 'A', 216403215, 19),
(215, '2018-01-02 23:28:00.000000', 2, 'A', 316403215, 19),
(216, '2018-01-02 23:28:00.000000', 2, 'A', 1016403215, 19),
(217, '2018-01-02 23:28:00.000000', 2, 'A', 816403215, 19),
(218, '2018-01-02 23:28:00.000000', 2, 'A', 1416403215, 19),
(219, '2018-01-02 23:28:00.000000', 2, 'A', 1516403215, 19),
(220, '2018-01-02 23:28:00.000000', 2, 'A', 1716403215, 19),
(221, '2018-01-02 23:28:00.000000', 2, 'A', 1816403215, 19),
(222, '2018-01-02 23:28:00.000000', 2, 'A', 2016403215, 19),
(223, '2018-01-02 23:28:00.000000', 2, 'A', 1916403215, 19),
(224, '2018-01-02 23:28:00.000000', 2, 'A', 616403215, 19),
(225, '2018-01-02 23:28:00.000000', 2, 'A', 2116403215, 19),
(226, '2018-01-02 23:28:00.000000', 2, 'A', 2216403215, 19),
(227, '2018-01-02 23:28:00.000000', 2, 'A', 2316403215, 19),
(228, '2018-01-02 23:28:00.000000', 2, 'A', 2616403215, 19),
(229, '2018-01-02 23:28:00.000000', 2, 'A', 2416403215, 19),
(230, '2018-01-02 23:28:00.000000', 2, 'A', 2816403215, 19),
(231, '2018-01-02 23:28:00.000000', 2, 'A', 2916403215, 19),
(232, '2018-01-02 23:28:00.000000', 2, 'A', 3016403215, 19),
(233, '2018-01-02 23:28:00.000000', 2, 'A', 3616403215, 19),
(234, '2018-01-02 23:28:00.000000', 2, 'A', 3816403215, 19),
(235, '2018-01-02 23:28:00.000000', 2, 'A', 6031640325, 19),
(236, '2018-01-02 23:28:00.000000', 2, 'A', 10116402315, 19),
(237, '2018-01-02 23:28:00.000000', 2, 'A', 10216402315, 19),
(238, '2018-01-02 23:28:00.000000', 2, 'A', 10316402315, 19),
(239, '2018-01-02 23:28:00.000000', 2, 'A', 40116403215, 19),
(240, '2018-01-02 23:28:00.000000', 2, 'A', 40216403215, 19),
(241, '2018-01-02 23:28:00.000000', 2, 'A', 3916403215, 19),
(242, '2018-01-02 23:28:00.000000', 2, 'A', 40316403215, 19),
(243, '2018-01-02 23:28:00.000000', 2, 'A', 40516403215, 19),
(244, '2018-01-02 23:28:00.000000', 2, 'A', 40716403215, 19),
(245, '2018-01-02 23:28:00.000000', 2, 'A', 40916403215, 19),
(246, '2018-01-02 23:28:00.000000', 2, 'A', 41216403215, 19),
(247, '2018-01-02 23:28:00.000000', 2, 'A', 41316403215, 19),
(248, '2018-01-02 23:28:00.000000', 2, 'A', 41016403215, 19),
(249, '2018-01-02 23:28:00.000000', 2, 'A', 41416403215, 19),
(250, '2018-01-02 23:28:00.000000', 2, 'A', 41516403215, 19),
(251, '2018-01-02 23:28:00.000000', 2, 'A', 41616403215, 19),
(252, '2018-01-02 23:28:00.000000', 2, 'A', 41716403215, 19),
(253, '2018-01-02 23:28:00.000000', 2, 'A', 41816403215, 19),
(254, '2018-01-02 23:28:00.000000', 2, 'A', 41916403215, 19),
(255, '2018-01-02 23:28:00.000000', 2, 'A', 42116403215, 19),
(256, '2018-01-02 23:28:00.000000', 2, 'A', 60116403215, 19),
(257, '2018-01-02 23:28:00.000000', 2, 'A', 60216403215, 19),
(258, '2018-01-02 23:28:00.000000', 2, 'A', 60416403215, 19),
(259, '2018-01-02 23:28:00.000000', 2, 'A', 70116403215, 19),
(260, '2018-01-02 23:28:00.000000', 2, 'A', 70216403215, 19),
(261, '2018-01-02 23:28:00.000000', 2, 'A', 70316403215, 19),
(262, '2018-01-02 23:28:00.000000', 2, 'A', 42016403215, 19),
(263, '2018-01-02 23:28:00.000000', 2, 'A', 70416403215, 19),
(264, '2018-01-02 23:28:00.000000', 2, 'A', 70616403215, 19),
(265, '2018-01-02 23:28:00.000000', 2, 'A', 70716403215, 19),
(266, '2018-01-02 23:28:00.000000', 2, 'A', 70816403215, 19),
(267, '2018-01-02 23:28:00.000000', 2, 'A', 70916403215, 19),
(268, '2018-01-02 23:29:00.000000', 2, 'A', 116403215, 19),
(269, '2018-01-02 23:29:00.000000', 2, 'A', 216403215, 19),
(270, '2018-01-02 23:29:00.000000', 2, 'A', 316403215, 19),
(271, '2018-01-02 23:29:00.000000', 2, 'A', 416403215, 19),
(272, '2018-01-02 23:29:00.000000', 2, 'A', 516403215, 19),
(273, '2018-01-02 23:29:00.000000', 2, 'A', 616403215, 19),
(274, '2018-01-02 23:29:00.000000', 2, 'A', 816403215, 19),
(275, '2018-01-02 23:29:00.000000', 2, 'A', 1016403215, 19),
(276, '2018-01-02 23:29:00.000000', 2, 'A', 1216403215, 19),
(277, '2018-01-02 23:29:00.000000', 2, 'A', 1416403215, 19),
(278, '2018-01-02 23:29:00.000000', 2, 'A', 1516403215, 19),
(279, '2018-01-02 23:29:00.000000', 2, 'A', 1716403215, 19),
(280, '2018-01-02 23:29:00.000000', 2, 'A', 1816403215, 19),
(281, '2018-01-02 23:29:00.000000', 2, 'A', 1916403215, 19),
(282, '2018-01-02 23:29:00.000000', 2, 'A', 2016403215, 19),
(283, '2018-01-02 23:29:00.000000', 2, 'A', 2116403215, 19),
(284, '2018-01-02 23:29:00.000000', 2, 'A', 2216403215, 19),
(285, '2018-01-02 23:29:00.000000', 2, 'A', 2316403215, 19),
(286, '2018-01-02 23:29:00.000000', 2, 'A', 2616403215, 19),
(287, '2018-01-02 23:29:00.000000', 2, 'A', 2416403215, 19),
(288, '2018-01-02 23:29:00.000000', 2, 'A', 2816403215, 19),
(289, '2018-01-02 23:29:00.000000', 2, 'A', 3016403215, 19),
(290, '2018-01-02 23:29:00.000000', 2, 'A', 2916403215, 19),
(291, '2018-01-02 23:29:00.000000', 2, 'A', 3616403215, 19),
(292, '2018-01-02 23:29:00.000000', 2, 'A', 3816403215, 19),
(293, '2018-01-02 23:29:00.000000', 2, 'A', 3916403215, 19),
(294, '2018-01-02 23:29:00.000000', 2, 'A', 10116402315, 19),
(295, '2018-01-02 23:29:00.000000', 2, 'A', 10216402315, 19),
(296, '2018-01-02 23:29:00.000000', 2, 'A', 10316402315, 19),
(297, '2018-01-02 23:29:00.000000', 2, 'A', 6031640325, 19),
(298, '2018-01-02 23:29:00.000000', 2, 'A', 40316403215, 19),
(299, '2018-01-02 23:29:00.000000', 2, 'A', 40216403215, 19),
(300, '2018-01-02 23:29:00.000000', 2, 'A', 40516403215, 19),
(301, '2018-01-02 23:29:00.000000', 2, 'A', 40716403215, 19),
(302, '2018-01-02 23:29:00.000000', 2, 'A', 40116403215, 19),
(303, '2018-01-02 23:29:00.000000', 2, 'A', 40916403215, 19),
(304, '2018-01-02 23:29:00.000000', 2, 'A', 41016403215, 19),
(305, '2018-01-02 23:29:00.000000', 2, 'A', 40816403215, 19),
(306, '2018-01-02 23:29:00.000000', 2, 'A', 41216403215, 19),
(307, '2018-01-02 23:29:00.000000', 2, 'A', 41316403215, 19),
(308, '2018-01-02 23:29:00.000000', 2, 'A', 41516403215, 19),
(309, '2018-01-02 23:29:00.000000', 2, 'A', 41416403215, 19),
(310, '2018-01-02 23:29:00.000000', 2, 'A', 42016403215, 19),
(311, '2018-01-02 23:29:00.000000', 2, 'A', 42116403215, 19),
(312, '2018-01-02 23:29:00.000000', 2, 'A', 60116403215, 19),
(313, '2018-01-02 23:29:00.000000', 2, 'A', 41716403215, 19),
(314, '2018-01-02 23:29:00.000000', 2, 'A', 41616403215, 19),
(315, '2018-01-02 23:29:00.000000', 2, 'A', 41816403215, 19),
(316, '2018-01-02 23:29:00.000000', 2, 'A', 41916403215, 19),
(317, '2018-01-02 23:29:00.000000', 2, 'A', 60416403215, 19),
(318, '2018-01-02 23:29:00.000000', 2, 'A', 70116403215, 19),
(319, '2018-01-02 23:29:00.000000', 2, 'A', 60216403215, 19),
(320, '2018-01-02 23:29:00.000000', 2, 'A', 70316403215, 19),
(321, '2018-01-02 23:29:00.000000', 2, 'A', 70216403215, 19),
(322, '2018-01-02 23:29:00.000000', 2, 'A', 70416403215, 19),
(323, '2018-01-02 23:29:00.000000', 2, 'A', 70616403215, 19),
(324, '2018-01-02 23:29:00.000000', 2, 'A', 70716403215, 19),
(325, '2018-01-02 23:29:00.000000', 2, 'A', 70816403215, 19),
(326, '2018-01-02 23:29:00.000000', 2, 'A', 70916403215, 19),
(386, '2018-01-16 23:44:00.000000', 1, 'A', 216403215, 19),
(387, '2018-01-16 23:44:00.000000', 1, 'A', 1416403215, 19),
(388, '2018-01-16 23:44:00.000000', 1, 'A', 316403215, 19),
(389, '2018-01-16 23:44:00.000000', 1, 'A', 116403215, 19),
(390, '2018-01-16 23:44:00.000000', 1, 'A', 416403215, 19),
(391, '2018-01-16 23:44:00.000000', 1, 'A', 516403215, 19),
(392, '2018-01-16 23:44:00.000000', 1, 'A', 616403215, 19),
(393, '2018-01-16 23:44:00.000000', 1, 'A', 816403215, 19),
(394, '2018-01-16 23:44:00.000000', 1, 'A', 1216403215, 19),
(395, '2018-01-16 23:44:00.000000', 1, 'A', 1016403215, 19),
(396, '2018-01-16 23:44:00.000000', 1, 'A', 1516403215, 19),
(397, '2018-01-16 23:44:00.000000', 1, 'A', 1716403215, 19),
(398, '2018-01-16 23:44:00.000000', 1, 'A', 1816403215, 19),
(399, '2018-01-16 23:44:00.000000', 1, 'A', 1916403215, 19),
(400, '2018-01-16 23:44:00.000000', 1, 'A', 2016403215, 19),
(401, '2018-01-16 23:44:00.000000', 1, 'A', 2116403215, 19),
(402, '2018-01-16 23:44:00.000000', 1, 'A', 2216403215, 19),
(403, '2018-01-16 23:44:00.000000', 1, 'A', 2316403215, 19),
(404, '2018-01-16 23:44:00.000000', 1, 'A', 2416403215, 19),
(405, '2018-01-16 23:44:00.000000', 1, 'A', 2816403215, 19),
(406, '2018-01-16 23:44:00.000000', 1, 'A', 2616403215, 19),
(407, '2018-01-16 23:44:00.000000', 1, 'A', 2916403215, 19),
(408, '2018-01-16 23:44:00.000000', 1, 'A', 3016403215, 19),
(409, '2018-01-16 23:44:00.000000', 1, 'A', 3616403215, 19),
(410, '2018-01-16 23:44:00.000000', 1, 'A', 3916403215, 19),
(411, '2018-01-16 23:44:00.000000', 1, 'A', 6031640325, 19),
(412, '2018-01-16 23:44:00.000000', 1, 'A', 10116402315, 19),
(413, '2018-01-16 23:44:00.000000', 1, 'A', 10216402315, 19),
(414, '2018-01-16 23:44:00.000000', 1, 'A', 3816403215, 19),
(415, '2018-01-16 23:44:00.000000', 1, 'A', 40116403215, 19),
(416, '2018-01-16 23:44:00.000000', 1, 'A', 10316402315, 19),
(417, '2018-01-16 23:44:00.000000', 1, 'A', 40316403215, 19),
(418, '2018-01-16 23:44:00.000000', 1, 'A', 40516403215, 19),
(419, '2018-01-16 23:44:00.000000', 1, 'A', 40716403215, 19),
(420, '2018-01-16 23:44:00.000000', 1, 'A', 40816403215, 19),
(421, '2018-01-16 23:44:00.000000', 1, 'A', 40916403215, 19),
(422, '2018-01-16 23:44:00.000000', 1, 'A', 41016403215, 19),
(423, '2018-01-16 23:44:00.000000', 1, 'A', 40216403215, 19),
(424, '2018-01-16 23:44:00.000000', 1, 'A', 41216403215, 19),
(425, '2018-01-16 23:44:00.000000', 1, 'A', 41316403215, 19),
(426, '2018-01-16 23:44:00.000000', 1, 'A', 41416403215, 19),
(427, '2018-01-16 23:44:00.000000', 1, 'A', 41516403215, 19),
(428, '2018-01-16 23:44:00.000000', 1, 'A', 41616403215, 19),
(429, '2018-01-16 23:44:00.000000', 1, 'A', 41716403215, 19),
(430, '2018-01-16 23:44:00.000000', 1, 'A', 41816403215, 19),
(431, '2018-01-16 23:44:00.000000', 1, 'A', 41916403215, 19),
(432, '2018-01-16 23:44:00.000000', 1, 'A', 42016403215, 19),
(433, '2018-01-16 23:44:00.000000', 1, 'A', 42116403215, 19),
(434, '2018-01-16 23:44:00.000000', 1, 'A', 60216403215, 19),
(435, '2018-01-16 23:44:00.000000', 1, 'A', 60416403215, 19),
(436, '2018-01-16 23:44:00.000000', 1, 'A', 70116403215, 19),
(437, '2018-01-16 23:44:00.000000', 1, 'A', 70216403215, 19),
(438, '2018-01-16 23:44:00.000000', 1, 'A', 60116403215, 19),
(439, '2018-01-16 23:44:00.000000', 1, 'A', 70416403215, 19),
(440, '2018-01-16 23:44:00.000000', 1, 'A', 70616403215, 19),
(441, '2018-01-16 23:44:00.000000', 1, 'A', 70716403215, 19),
(442, '2018-01-16 23:44:00.000000', 1, 'A', 70316403215, 19),
(443, '2018-01-16 23:44:00.000000', 1, 'A', 70916403215, 19),
(444, '2018-01-16 23:44:00.000000', 1, 'A', 70816403215, 19),
(445, '2018-01-08 23:49:00.000000', 2, 'A', 116403215, 19),
(446, '2018-01-08 23:49:00.000000', 2, 'A', 1416403215, 19),
(447, '2018-01-08 23:49:00.000000', 2, 'A', 1516403215, 19),
(448, '2018-01-08 23:49:00.000000', 2, 'A', 216403215, 19),
(449, '2018-01-08 23:49:00.000000', 2, 'A', 316403215, 19),
(450, '2018-01-08 23:49:00.000000', 2, 'A', 516403215, 19),
(451, '2018-01-08 23:49:00.000000', 2, 'A', 416403215, 19),
(452, '2018-01-08 23:49:00.000000', 2, 'A', 1016403215, 19),
(453, '2018-01-08 23:49:00.000000', 2, 'A', 816403215, 19),
(454, '2018-01-08 23:49:00.000000', 2, 'A', 616403215, 19),
(455, '2018-01-08 23:49:00.000000', 2, 'A', 1816403215, 19),
(456, '2018-01-08 23:49:00.000000', 2, 'A', 1916403215, 19),
(457, '2018-01-08 23:49:00.000000', 2, 'A', 2016403215, 19),
(458, '2018-01-08 23:49:00.000000', 2, 'A', 1216403215, 19),
(459, '2018-01-08 23:49:00.000000', 2, 'A', 1716403215, 19),
(460, '2018-01-08 23:49:00.000000', 2, 'A', 2116403215, 19),
(461, '2018-01-08 23:49:00.000000', 2, 'A', 2216403215, 19),
(462, '2018-01-08 23:49:00.000000', 2, 'A', 2316403215, 19),
(463, '2018-01-08 23:49:00.000000', 2, 'A', 2416403215, 19),
(464, '2018-01-08 23:49:00.000000', 2, 'A', 2616403215, 19),
(465, '2018-01-08 23:49:00.000000', 2, 'A', 2816403215, 19),
(466, '2018-01-08 23:49:00.000000', 2, 'A', 2916403215, 19),
(467, '2018-01-08 23:49:00.000000', 2, 'A', 3016403215, 19),
(468, '2018-01-08 23:49:00.000000', 2, 'A', 3616403215, 19),
(469, '2018-01-08 23:49:00.000000', 2, 'A', 3916403215, 19),
(470, '2018-01-08 23:49:00.000000', 2, 'A', 6031640325, 19),
(471, '2018-01-08 23:49:00.000000', 2, 'A', 3816403215, 19),
(472, '2018-01-08 23:49:00.000000', 2, 'A', 10116402315, 19),
(473, '2018-01-08 23:49:00.000000', 2, 'A', 10216402315, 19),
(474, '2018-01-08 23:49:00.000000', 2, 'A', 10316402315, 19),
(475, '2018-01-08 23:49:00.000000', 2, 'A', 40116403215, 19),
(476, '2018-01-08 23:49:00.000000', 2, 'A', 40316403215, 19),
(477, '2018-01-08 23:49:00.000000', 2, 'A', 40216403215, 19),
(478, '2018-01-08 23:49:00.000000', 2, 'A', 40516403215, 19),
(479, '2018-01-08 23:49:00.000000', 2, 'A', 40716403215, 19),
(480, '2018-01-08 23:49:00.000000', 2, 'A', 40816403215, 19),
(481, '2018-01-08 23:49:00.000000', 2, 'A', 40916403215, 19),
(482, '2018-01-08 23:49:00.000000', 2, 'A', 41016403215, 19),
(483, '2018-01-08 23:49:00.000000', 2, 'A', 41216403215, 19),
(484, '2018-01-08 23:49:00.000000', 2, 'A', 41316403215, 19),
(485, '2018-01-08 23:49:00.000000', 2, 'A', 41516403215, 19),
(486, '2018-01-08 23:49:00.000000', 2, 'A', 41616403215, 19),
(487, '2018-01-08 23:49:00.000000', 2, 'A', 41416403215, 19),
(488, '2018-01-08 23:49:00.000000', 2, 'A', 41816403215, 19),
(489, '2018-01-08 23:49:00.000000', 2, 'A', 41916403215, 19),
(490, '2018-01-08 23:49:00.000000', 2, 'A', 42016403215, 19),
(491, '2018-01-08 23:49:00.000000', 2, 'A', 42116403215, 19),
(492, '2018-01-08 23:49:00.000000', 2, 'A', 60116403215, 19),
(493, '2018-01-08 23:49:00.000000', 2, 'A', 41716403215, 19),
(494, '2018-01-08 23:49:00.000000', 2, 'A', 60416403215, 19),
(495, '2018-01-08 23:49:00.000000', 2, 'A', 70116403215, 19),
(496, '2018-01-08 23:49:00.000000', 2, 'A', 70216403215, 19),
(497, '2018-01-08 23:49:00.000000', 2, 'A', 70316403215, 19),
(498, '2018-01-08 23:49:00.000000', 2, 'A', 70416403215, 19),
(499, '2018-01-08 23:49:00.000000', 2, 'A', 70616403215, 19),
(500, '2018-01-08 23:49:00.000000', 2, 'A', 70716403215, 19),
(501, '2018-01-08 23:49:00.000000', 2, 'A', 60216403215, 19),
(502, '2018-01-08 23:49:00.000000', 2, 'A', 70816403215, 19),
(503, '2018-01-08 23:49:00.000000', 2, 'A', 70916403215, 19),
(504, '2018-01-25 23:50:00.000000', 3, 'A', 116403215, 19),
(505, '2018-01-25 23:50:00.000000', 3, 'A', 216403215, 19),
(506, '2018-01-25 23:50:00.000000', 3, 'A', 316403215, 19),
(507, '2018-01-25 23:50:00.000000', 3, 'A', 416403215, 19),
(508, '2018-01-25 23:50:00.000000', 3, 'A', 516403215, 19),
(509, '2018-01-25 23:50:00.000000', 3, 'A', 616403215, 19),
(510, '2018-01-25 23:50:00.000000', 3, 'A', 816403215, 19),
(511, '2018-01-25 23:50:00.000000', 3, 'A', 1016403215, 19),
(512, '2018-01-25 23:50:00.000000', 3, 'A', 1216403215, 19),
(513, '2018-01-25 23:50:00.000000', 3, 'A', 1416403215, 19),
(514, '2018-01-25 23:50:00.000000', 3, 'A', 1516403215, 19),
(515, '2018-01-25 23:50:00.000000', 3, 'A', 1716403215, 19),
(516, '2018-01-25 23:50:00.000000', 3, 'A', 1816403215, 19),
(517, '2018-01-25 23:50:00.000000', 3, 'A', 1916403215, 19),
(518, '2018-01-25 23:50:00.000000', 3, 'A', 2016403215, 19),
(519, '2018-01-25 23:50:00.000000', 3, 'A', 2116403215, 19),
(520, '2018-01-25 23:50:00.000000', 3, 'A', 2216403215, 19),
(521, '2018-01-25 23:50:00.000000', 3, 'A', 2316403215, 19),
(522, '2018-01-25 23:50:00.000000', 3, 'A', 2416403215, 19),
(523, '2018-01-25 23:50:00.000000', 3, 'A', 2616403215, 19),
(524, '2018-01-25 23:50:00.000000', 3, 'A', 2816403215, 19),
(525, '2018-01-25 23:50:00.000000', 3, 'A', 3016403215, 19),
(526, '2018-01-25 23:50:00.000000', 3, 'A', 3616403215, 19),
(527, '2018-01-25 23:50:00.000000', 3, 'A', 3816403215, 19),
(528, '2018-01-25 23:50:00.000000', 3, 'A', 3916403215, 19),
(529, '2018-01-25 23:50:00.000000', 3, 'A', 6031640325, 19),
(530, '2018-01-25 23:50:00.000000', 3, 'A', 10116402315, 19),
(531, '2018-01-25 23:50:00.000000', 3, 'A', 10216402315, 19),
(532, '2018-01-25 23:50:00.000000', 3, 'A', 10316402315, 19),
(533, '2018-01-25 23:50:00.000000', 3, 'A', 2916403215, 19),
(534, '2018-01-25 23:50:00.000000', 3, 'A', 40116403215, 19),
(535, '2018-01-25 23:50:00.000000', 3, 'A', 40216403215, 19),
(536, '2018-01-25 23:50:00.000000', 3, 'A', 40516403215, 19),
(537, '2018-01-25 23:50:00.000000', 3, 'A', 40716403215, 19),
(538, '2018-01-25 23:50:00.000000', 3, 'A', 40816403215, 19),
(539, '2018-01-25 23:50:00.000000', 3, 'A', 40316403215, 19),
(540, '2018-01-25 23:50:00.000000', 3, 'A', 41016403215, 19),
(541, '2018-01-25 23:50:00.000000', 3, 'A', 41216403215, 19),
(542, '2018-01-25 23:50:00.000000', 3, 'A', 40916403215, 19),
(543, '2018-01-25 23:50:00.000000', 3, 'A', 41416403215, 19),
(544, '2018-01-25 23:50:00.000000', 3, 'A', 41516403215, 19),
(545, '2018-01-25 23:50:00.000000', 3, 'A', 41316403215, 19),
(546, '2018-01-25 23:50:00.000000', 3, 'A', 41716403215, 19),
(547, '2018-01-25 23:50:00.000000', 3, 'A', 41916403215, 19),
(548, '2018-01-25 23:50:00.000000', 3, 'A', 41816403215, 19),
(549, '2018-01-25 23:50:00.000000', 3, 'A', 42016403215, 19),
(550, '2018-01-25 23:50:00.000000', 3, 'A', 41616403215, 19),
(551, '2018-01-25 23:50:00.000000', 3, 'A', 42116403215, 19),
(552, '2018-01-25 23:50:00.000000', 3, 'A', 60216403215, 19),
(553, '2018-01-25 23:50:00.000000', 3, 'A', 60416403215, 19),
(554, '2018-01-25 23:50:00.000000', 3, 'A', 60116403215, 19),
(555, '2018-01-25 23:50:00.000000', 3, 'A', 70116403215, 19),
(556, '2018-01-25 23:50:00.000000', 3, 'A', 70216403215, 19),
(557, '2018-01-25 23:50:00.000000', 3, 'A', 70316403215, 19),
(558, '2018-01-25 23:50:00.000000', 3, 'A', 70416403215, 19),
(559, '2018-01-25 23:50:00.000000', 3, 'A', 70616403215, 19),
(560, '2018-01-25 23:50:00.000000', 3, 'A', 70716403215, 19),
(561, '2018-01-25 23:50:00.000000', 3, 'A', 70816403215, 19),
(562, '2018-01-25 23:50:00.000000', 3, 'A', 70916403215, 19),
(563, '2018-01-18 23:52:00.000000', 3, 'A', 116403215, 19),
(564, '2018-01-18 23:52:00.000000', 3, 'A', 1416403215, 19),
(565, '2018-01-18 23:52:00.000000', 3, 'A', 216403215, 19),
(566, '2018-01-18 23:52:00.000000', 3, 'A', 516403215, 19),
(567, '2018-01-18 23:52:00.000000', 3, 'A', 416403215, 19),
(568, '2018-01-18 23:52:00.000000', 3, 'A', 316403215, 19),
(569, '2018-01-18 23:52:00.000000', 3, 'A', 1516403215, 19),
(570, '2018-01-18 23:52:00.000000', 3, 'A', 1716403215, 19),
(571, '2018-01-18 23:52:00.000000', 3, 'A', 1816403215, 19),
(572, '2018-01-18 23:52:00.000000', 3, 'A', 1916403215, 19),
(573, '2018-01-18 23:52:00.000000', 3, 'A', 616403215, 19),
(574, '2018-01-18 23:52:00.000000', 3, 'A', 816403215, 19),
(575, '2018-01-18 23:52:00.000000', 3, 'A', 1016403215, 19),
(576, '2018-01-18 23:52:00.000000', 3, 'A', 2016403215, 19),
(577, '2018-01-18 23:52:00.000000', 3, 'A', 2116403215, 19),
(578, '2018-01-18 23:52:00.000000', 3, 'A', 1216403215, 19),
(579, '2018-01-18 23:52:00.000000', 3, 'A', 2316403215, 19),
(580, '2018-01-18 23:52:00.000000', 3, 'A', 2416403215, 19),
(581, '2018-01-18 23:52:00.000000', 3, 'A', 2616403215, 19),
(582, '2018-01-18 23:52:00.000000', 3, 'A', 2816403215, 19),
(583, '2018-01-18 23:52:00.000000', 3, 'A', 2916403215, 19),
(584, '2018-01-18 23:52:00.000000', 3, 'A', 2216403215, 19),
(585, '2018-01-18 23:52:00.000000', 3, 'A', 3016403215, 19),
(586, '2018-01-18 23:52:00.000000', 3, 'A', 3816403215, 19),
(587, '2018-01-18 23:52:00.000000', 3, 'A', 6031640325, 19),
(588, '2018-01-18 23:52:00.000000', 3, 'A', 3916403215, 19),
(589, '2018-01-18 23:52:00.000000', 3, 'A', 3616403215, 19),
(590, '2018-01-18 23:52:00.000000', 3, 'A', 10216402315, 19),
(591, '2018-01-18 23:52:00.000000', 3, 'A', 10316402315, 19),
(592, '2018-01-18 23:52:00.000000', 3, 'A', 40116403215, 19),
(593, '2018-01-18 23:52:00.000000', 3, 'A', 40216403215, 19),
(594, '2018-01-18 23:52:00.000000', 3, 'A', 10116402315, 19),
(595, '2018-01-18 23:52:00.000000', 3, 'A', 40516403215, 19),
(596, '2018-01-18 23:52:00.000000', 3, 'A', 40716403215, 19),
(597, '2018-01-18 23:52:00.000000', 3, 'A', 40816403215, 19),
(598, '2018-01-18 23:52:00.000000', 3, 'A', 40916403215, 19),
(599, '2018-01-18 23:52:00.000000', 3, 'A', 40316403215, 19),
(600, '2018-01-18 23:52:00.000000', 3, 'A', 41016403215, 19),
(601, '2018-01-18 23:52:00.000000', 3, 'A', 41216403215, 19),
(602, '2018-01-18 23:52:00.000000', 3, 'A', 41316403215, 19),
(603, '2018-01-18 23:52:00.000000', 3, 'A', 41416403215, 19),
(604, '2018-01-18 23:52:00.000000', 3, 'A', 41516403215, 19),
(605, '2018-01-18 23:52:00.000000', 3, 'A', 41616403215, 19),
(606, '2018-01-18 23:52:00.000000', 3, 'A', 41716403215, 19),
(607, '2018-01-18 23:52:00.000000', 3, 'A', 41916403215, 19),
(608, '2018-01-18 23:52:00.000000', 3, 'A', 41816403215, 19),
(609, '2018-01-18 23:52:00.000000', 3, 'A', 42116403215, 19),
(610, '2018-01-18 23:52:00.000000', 3, 'A', 60116403215, 19),
(611, '2018-01-18 23:52:00.000000', 3, 'A', 60216403215, 19),
(612, '2018-01-18 23:52:00.000000', 3, 'A', 60416403215, 19),
(613, '2018-01-18 23:52:00.000000', 3, 'A', 42016403215, 19),
(614, '2018-01-18 23:52:00.000000', 3, 'A', 70116403215, 19),
(615, '2018-01-18 23:52:00.000000', 3, 'A', 70216403215, 19),
(616, '2018-01-18 23:52:00.000000', 3, 'A', 70316403215, 19),
(617, '2018-01-18 23:52:00.000000', 3, 'A', 70416403215, 19),
(618, '2018-01-18 23:52:00.000000', 3, 'A', 70616403215, 19),
(619, '2018-01-18 23:52:00.000000', 3, 'A', 70816403215, 19),
(620, '2018-01-18 23:52:00.000000', 3, 'A', 70716403215, 19),
(621, '2018-01-18 23:52:00.000000', 3, 'A', 70916403215, 19),
(622, '2018-01-19 23:52:00.000000', 3, 'A', 1416403215, 19),
(623, '2018-01-19 23:52:00.000000', 3, 'A', 116403215, 19),
(624, '2018-01-19 23:52:00.000000', 3, 'A', 216403215, 19),
(625, '2018-01-19 23:52:00.000000', 3, 'A', 416403215, 19),
(626, '2018-01-19 23:52:00.000000', 3, 'A', 316403215, 19),
(627, '2018-01-19 23:52:00.000000', 3, 'A', 816403215, 19),
(628, '2018-01-19 23:52:00.000000', 3, 'A', 616403215, 19),
(629, '2018-01-19 23:52:00.000000', 3, 'A', 516403215, 19),
(630, '2018-01-19 23:52:00.000000', 3, 'A', 1216403215, 19),
(631, '2018-01-19 23:52:00.000000', 3, 'A', 1016403215, 19),
(632, '2018-01-19 23:52:00.000000', 3, 'A', 1516403215, 19),
(633, '2018-01-19 23:52:00.000000', 3, 'A', 1716403215, 19),
(634, '2018-01-19 23:52:00.000000', 3, 'A', 1816403215, 19),
(635, '2018-01-19 23:52:00.000000', 3, 'A', 1916403215, 19),
(636, '2018-01-19 23:52:00.000000', 3, 'A', 2016403215, 19),
(637, '2018-01-19 23:52:00.000000', 3, 'A', 2116403215, 19),
(638, '2018-01-19 23:52:00.000000', 3, 'A', 2216403215, 19),
(639, '2018-01-19 23:52:00.000000', 3, 'A', 2416403215, 19),
(640, '2018-01-19 23:52:00.000000', 3, 'A', 2316403215, 19),
(641, '2018-01-19 23:52:00.000000', 3, 'A', 2816403215, 19),
(642, '2018-01-19 23:52:00.000000', 3, 'A', 2916403215, 19),
(643, '2018-01-19 23:52:00.000000', 3, 'A', 3016403215, 19),
(644, '2018-01-19 23:52:00.000000', 3, 'A', 3616403215, 19),
(645, '2018-01-19 23:52:00.000000', 3, 'A', 3816403215, 19),
(646, '2018-01-19 23:52:00.000000', 3, 'A', 3916403215, 19),
(647, '2018-01-19 23:52:00.000000', 3, 'A', 6031640325, 19),
(648, '2018-01-19 23:52:00.000000', 3, 'A', 2616403215, 19),
(649, '2018-01-19 23:52:00.000000', 3, 'A', 10116402315, 19),
(650, '2018-01-19 23:52:00.000000', 3, 'A', 10216402315, 19),
(651, '2018-01-19 23:52:00.000000', 3, 'A', 10316402315, 19),
(652, '2018-01-19 23:52:00.000000', 3, 'A', 40116403215, 19),
(653, '2018-01-19 23:52:00.000000', 3, 'A', 40316403215, 19),
(654, '2018-01-19 23:52:00.000000', 3, 'A', 40516403215, 19),
(655, '2018-01-19 23:52:00.000000', 3, 'A', 40716403215, 19),
(656, '2018-01-19 23:52:00.000000', 3, 'A', 40816403215, 19),
(657, '2018-01-19 23:52:00.000000', 3, 'A', 40216403215, 19),
(658, '2018-01-19 23:52:00.000000', 3, 'A', 41016403215, 19),
(659, '2018-01-19 23:52:00.000000', 3, 'A', 41216403215, 19),
(660, '2018-01-19 23:52:00.000000', 3, 'A', 40916403215, 19),
(661, '2018-01-19 23:52:00.000000', 3, 'A', 41416403215, 19),
(662, '2018-01-19 23:52:00.000000', 3, 'A', 41316403215, 19),
(663, '2018-01-19 23:52:00.000000', 3, 'A', 41516403215, 19),
(664, '2018-01-19 23:52:00.000000', 3, 'A', 41616403215, 19),
(665, '2018-01-19 23:52:00.000000', 3, 'A', 41816403215, 19),
(666, '2018-01-19 23:52:00.000000', 3, 'A', 42016403215, 19),
(667, '2018-01-19 23:52:00.000000', 3, 'A', 41916403215, 19),
(668, '2018-01-19 23:52:00.000000', 3, 'A', 41716403215, 19),
(669, '2018-01-19 23:52:00.000000', 3, 'A', 60116403215, 19),
(670, '2018-01-19 23:52:00.000000', 3, 'A', 60216403215, 19),
(671, '2018-01-19 23:52:00.000000', 3, 'A', 60416403215, 19),
(672, '2018-01-19 23:52:00.000000', 3, 'A', 70116403215, 19),
(673, '2018-01-19 23:52:00.000000', 3, 'A', 70216403215, 19),
(674, '2018-01-19 23:52:00.000000', 3, 'A', 70316403215, 19),
(675, '2018-01-19 23:52:00.000000', 3, 'A', 42116403215, 19),
(676, '2018-01-19 23:52:00.000000', 3, 'A', 70616403215, 19),
(677, '2018-01-19 23:52:00.000000', 3, 'A', 70716403215, 19),
(678, '2018-01-19 23:52:00.000000', 3, 'A', 70416403215, 19),
(679, '2018-01-19 23:52:00.000000', 3, 'A', 70816403215, 19),
(680, '2018-01-19 23:52:00.000000', 3, 'A', 70916403215, 19),
(691, '2018-01-31 18:53:00.000000', 1, 'A', 1416403215, 19),
(692, '2018-01-31 18:53:00.000000', 1, 'A', 116403215, 19),
(693, '2018-01-31 18:53:00.000000', 1, 'A', 416403215, 19),
(694, '2018-01-31 18:53:00.000000', 1, 'A', 316403215, 19),
(695, '2018-01-31 18:53:00.000000', 1, 'A', 216403215, 19),
(696, '2018-01-31 18:53:00.000000', 1, 'A', 516403215, 19),
(697, '2018-01-31 18:53:00.000000', 1, 'A', 1516403215, 19),
(698, '2018-01-31 18:53:00.000000', 1, 'A', 816403215, 19),
(699, '2018-01-31 18:53:00.000000', 1, 'A', 1016403215, 19),
(700, '2018-01-31 18:53:00.000000', 1, 'A', 616403215, 19),
(701, '2018-01-31 18:53:00.000000', 1, 'A', 1716403215, 19),
(702, '2018-01-31 18:53:00.000000', 1, 'A', 1816403215, 19),
(703, '2018-01-31 18:53:00.000000', 1, 'A', 1216403215, 19),
(704, '2018-01-31 18:53:00.000000', 1, 'A', 2016403215, 19),
(705, '2018-01-31 18:53:00.000000', 1, 'A', 1916403215, 19),
(706, '2018-01-31 18:53:00.000000', 1, 'A', 2216403215, 19),
(707, '2018-01-31 18:53:00.000000', 1, 'A', 2316403215, 19),
(708, '2018-01-31 18:53:00.000000', 1, 'A', 2416403215, 19),
(709, '2018-01-31 18:53:00.000000', 1, 'A', 2616403215, 19),
(710, '2018-01-31 18:53:00.000000', 1, 'A', 2816403215, 19),
(711, '2018-01-31 18:53:00.000000', 1, 'A', 2916403215, 19),
(712, '2018-01-31 18:53:00.000000', 1, 'A', 2116403215, 19),
(713, '2018-01-31 18:53:00.000000', 1, 'A', 3016403215, 19),
(714, '2018-01-31 18:53:00.000000', 1, 'A', 3616403215, 19),
(715, '2018-01-31 18:53:00.000000', 1, 'A', 3816403215, 19),
(716, '2018-01-31 18:53:00.000000', 1, 'A', 6031640325, 19),
(717, '2018-01-31 18:53:00.000000', 1, 'A', 10116402315, 19),
(718, '2018-01-31 18:53:00.000000', 1, 'A', 3916403215, 19),
(719, '2018-01-31 18:53:00.000000', 1, 'A', 10316402315, 19),
(720, '2018-01-31 18:53:00.000000', 1, 'A', 40116403215, 19),
(721, '2018-01-31 18:53:00.000000', 1, 'A', 40216403215, 19),
(722, '2018-01-31 18:53:00.000000', 1, 'A', 40316403215, 19),
(723, '2018-01-31 18:53:00.000000', 1, 'A', 40516403215, 19),
(724, '2018-01-31 18:53:00.000000', 1, 'A', 10216402315, 19),
(725, '2018-01-31 18:53:00.000000', 1, 'A', 40816403215, 19),
(726, '2018-01-31 18:53:00.000000', 1, 'A', 40916403215, 19),
(727, '2018-01-31 18:53:00.000000', 1, 'A', 41016403215, 19),
(728, '2018-01-31 18:53:00.000000', 1, 'A', 40716403215, 19),
(729, '2018-01-31 18:53:00.000000', 1, 'A', 41216403215, 19),
(730, '2018-01-31 18:53:00.000000', 1, 'A', 41316403215, 19),
(731, '2018-01-31 18:53:00.000000', 1, 'A', 41416403215, 19),
(732, '2018-01-31 18:53:00.000000', 1, 'A', 41516403215, 19),
(733, '2018-01-31 18:53:00.000000', 1, 'A', 41616403215, 19),
(734, '2018-01-31 18:53:00.000000', 1, 'A', 41816403215, 19),
(735, '2018-01-31 18:53:00.000000', 1, 'A', 41916403215, 19),
(736, '2018-01-31 18:53:00.000000', 1, 'A', 42016403215, 19),
(737, '2018-01-31 18:53:00.000000', 1, 'A', 42116403215, 19),
(738, '2018-01-31 18:53:00.000000', 1, 'A', 60116403215, 19),
(739, '2018-01-31 18:53:00.000000', 1, 'A', 60216403215, 19),
(740, '2018-01-31 18:53:00.000000', 1, 'A', 60416403215, 19),
(741, '2018-01-31 18:53:00.000000', 1, 'A', 41716403215, 19),
(742, '2018-01-31 18:53:00.000000', 1, 'A', 70116403215, 19),
(743, '2018-01-31 18:53:00.000000', 1, 'A', 70216403215, 19),
(744, '2018-01-31 18:53:00.000000', 1, 'A', 70316403215, 19),
(745, '2018-01-31 18:53:00.000000', 1, 'A', 70416403215, 19),
(746, '2018-01-31 18:53:00.000000', 1, 'A', 70616403215, 19),
(747, '2018-01-31 18:53:00.000000', 1, 'A', 70716403215, 19),
(748, '2018-01-31 18:53:00.000000', 1, 'A', 70816403215, 19),
(749, '2018-01-31 18:53:00.000000', 1, 'A', 70916403215, 19),
(760, '2018-01-15 23:54:00.000000', 1, 'A', 1416403215, 19),
(761, '2018-01-15 23:54:00.000000', 1, 'A', 116403215, 19),
(762, '2018-01-15 23:54:00.000000', 1, 'A', 316403215, 19),
(763, '2018-01-15 23:54:00.000000', 1, 'A', 416403215, 19),
(764, '2018-01-15 23:54:00.000000', 1, 'A', 516403215, 19),
(765, '2018-01-15 23:54:00.000000', 1, 'A', 216403215, 19),
(766, '2018-01-15 23:54:00.000000', 1, 'A', 1716403215, 19),
(767, '2018-01-15 23:54:00.000000', 1, 'A', 1516403215, 19),
(768, '2018-01-15 23:54:00.000000', 1, 'A', 1816403215, 19),
(769, '2018-01-15 23:54:00.000000', 1, 'A', 1916403215, 19),
(770, '2018-01-15 23:54:00.000000', 1, 'A', 2016403215, 19),
(771, '2018-01-15 23:54:00.000000', 1, 'A', 2216403215, 19),
(772, '2018-01-15 23:54:00.000000', 1, 'A', 2116403215, 19),
(773, '2018-01-15 23:54:00.000000', 1, 'A', 1016403215, 19),
(774, '2018-01-15 23:54:00.000000', 1, 'A', 616403215, 19),
(775, '2018-01-15 23:54:00.000000', 1, 'A', 816403215, 19),
(776, '2018-01-15 23:54:00.000000', 1, 'A', 1216403215, 19),
(777, '2018-01-15 23:54:00.000000', 1, 'A', 2316403215, 19),
(778, '2018-01-15 23:54:00.000000', 1, 'A', 2616403215, 19),
(779, '2018-01-15 23:54:00.000000', 1, 'A', 2816403215, 19),
(780, '2018-01-15 23:54:00.000000', 1, 'A', 2916403215, 19),
(781, '2018-01-15 23:54:00.000000', 1, 'A', 3016403215, 19),
(782, '2018-01-15 23:54:00.000000', 1, 'A', 3616403215, 19),
(783, '2018-01-15 23:54:00.000000', 1, 'A', 3816403215, 19),
(784, '2018-01-15 23:54:00.000000', 1, 'A', 3916403215, 19),
(785, '2018-01-15 23:54:00.000000', 1, 'A', 2416403215, 19),
(786, '2018-01-15 23:54:00.000000', 1, 'A', 6031640325, 19),
(787, '2018-01-15 23:54:00.000000', 1, 'A', 10116402315, 19),
(788, '2018-01-15 23:54:00.000000', 1, 'A', 10216402315, 19),
(789, '2018-01-15 23:54:00.000000', 1, 'A', 10316402315, 19),
(790, '2018-01-15 23:54:00.000000', 1, 'A', 40116403215, 19),
(791, '2018-01-15 23:54:00.000000', 1, 'A', 40216403215, 19),
(792, '2018-01-15 23:54:00.000000', 1, 'A', 40316403215, 19),
(793, '2018-01-15 23:54:00.000000', 1, 'A', 40716403215, 19),
(794, '2018-01-15 23:54:00.000000', 1, 'A', 40516403215, 19),
(795, '2018-01-15 23:54:00.000000', 1, 'A', 40916403215, 19),
(796, '2018-01-15 23:54:00.000000', 1, 'A', 40816403215, 19),
(797, '2018-01-15 23:54:00.000000', 1, 'A', 41016403215, 19),
(798, '2018-01-15 23:54:00.000000', 1, 'A', 41216403215, 19),
(799, '2018-01-15 23:54:00.000000', 1, 'A', 41316403215, 19),
(800, '2018-01-15 23:54:00.000000', 1, 'A', 41416403215, 19),
(801, '2018-01-15 23:54:00.000000', 1, 'A', 41516403215, 19),
(802, '2018-01-15 23:54:00.000000', 1, 'A', 41716403215, 19),
(803, '2018-01-15 23:54:00.000000', 1, 'A', 41816403215, 19),
(804, '2018-01-15 23:54:00.000000', 1, 'A', 41916403215, 19),
(805, '2018-01-15 23:54:00.000000', 1, 'A', 41616403215, 19),
(806, '2018-01-15 23:54:00.000000', 1, 'A', 42016403215, 19),
(807, '2018-01-15 23:54:00.000000', 1, 'A', 42116403215, 19),
(808, '2018-01-15 23:54:00.000000', 1, 'A', 60116403215, 19),
(809, '2018-01-15 23:54:00.000000', 1, 'A', 60416403215, 19),
(810, '2018-01-15 23:54:00.000000', 1, 'A', 70116403215, 19),
(811, '2018-01-15 23:54:00.000000', 1, 'A', 70216403215, 19),
(812, '2018-01-15 23:54:00.000000', 1, 'A', 70316403215, 19),
(813, '2018-01-15 23:54:00.000000', 1, 'A', 70416403215, 19),
(814, '2018-01-15 23:54:00.000000', 1, 'A', 60216403215, 19),
(815, '2018-01-15 23:54:00.000000', 1, 'A', 70716403215, 19),
(816, '2018-01-15 23:54:00.000000', 1, 'A', 70816403215, 19),
(817, '2018-01-15 23:54:00.000000', 1, 'A', 70916403215, 19),
(818, '2018-01-15 23:54:00.000000', 1, 'A', 70616403215, 19),
(878, '2018-01-26 17:57:00.000000', 1, 'A', 116403215, 19),
(879, '2018-01-26 17:57:00.000000', 1, 'A', 216403215, 19),
(880, '2018-01-26 17:57:00.000000', 1, 'A', 316403215, 19),
(881, '2018-01-26 17:57:00.000000', 1, 'A', 516403215, 19),
(882, '2018-01-26 17:57:00.000000', 1, 'A', 616403215, 19),
(883, '2018-01-26 17:57:00.000000', 1, 'A', 416403215, 19),
(884, '2018-01-26 17:57:00.000000', 1, 'A', 816403215, 19),
(885, '2018-01-26 17:57:00.000000', 1, 'A', 1016403215, 19),
(886, '2018-01-26 17:57:00.000000', 1, 'A', 1216403215, 19),
(887, '2018-01-26 17:57:00.000000', 1, 'A', 1416403215, 19),
(888, '2018-01-26 17:57:00.000000', 1, 'A', 1516403215, 19),
(889, '2018-01-26 17:57:00.000000', 1, 'A', 1816403215, 19),
(890, '2018-01-26 17:57:00.000000', 1, 'A', 1916403215, 19),
(891, '2018-01-26 17:57:00.000000', 1, 'A', 2016403215, 19),
(892, '2018-01-26 17:57:00.000000', 1, 'A', 2116403215, 19),
(893, '2018-01-26 17:57:00.000000', 1, 'A', 2216403215, 19),
(894, '2018-01-26 17:57:00.000000', 1, 'A', 2316403215, 19),
(895, '2018-01-26 17:57:00.000000', 1, 'A', 2416403215, 19),
(896, '2018-01-26 17:57:00.000000', 1, 'A', 2616403215, 19),
(897, '2018-01-26 17:57:00.000000', 1, 'A', 1716403215, 19),
(898, '2018-01-26 17:57:00.000000', 1, 'A', 2816403215, 19),
(899, '2018-01-26 17:57:00.000000', 1, 'A', 2916403215, 19),
(900, '2018-01-26 17:57:00.000000', 1, 'A', 3016403215, 19),
(901, '2018-01-26 17:57:00.000000', 1, 'A', 3616403215, 19),
(902, '2018-01-26 17:57:00.000000', 1, 'A', 3816403215, 19),
(903, '2018-01-26 17:57:00.000000', 1, 'A', 3916403215, 19),
(904, '2018-01-26 17:57:00.000000', 1, 'A', 6031640325, 19),
(905, '2018-01-26 17:57:00.000000', 1, 'A', 10216402315, 19),
(906, '2018-01-26 17:57:00.000000', 1, 'A', 10316402315, 19),
(907, '2018-01-26 17:57:00.000000', 1, 'A', 40116403215, 19),
(908, '2018-01-26 17:57:00.000000', 1, 'A', 10116402315, 19),
(909, '2018-01-26 17:57:00.000000', 1, 'A', 40216403215, 19),
(910, '2018-01-26 17:57:00.000000', 1, 'A', 40316403215, 19),
(911, '2018-01-26 17:57:00.000000', 1, 'A', 40516403215, 19),
(912, '2018-01-26 17:57:00.000000', 1, 'A', 40816403215, 19),
(913, '2018-01-26 17:57:00.000000', 1, 'A', 40716403215, 19),
(914, '2018-01-26 17:57:00.000000', 1, 'A', 41016403215, 19),
(915, '2018-01-26 17:57:00.000000', 1, 'A', 41216403215, 19),
(916, '2018-01-26 17:57:00.000000', 1, 'A', 41316403215, 19),
(917, '2018-01-26 17:57:00.000000', 1, 'A', 41416403215, 19),
(918, '2018-01-26 17:57:00.000000', 1, 'A', 40916403215, 19),
(919, '2018-01-26 17:57:00.000000', 1, 'A', 41516403215, 19),
(920, '2018-01-26 17:57:00.000000', 1, 'A', 41716403215, 19),
(921, '2018-01-26 17:57:00.000000', 1, 'A', 41816403215, 19),
(922, '2018-01-26 17:57:00.000000', 1, 'A', 41916403215, 19),
(923, '2018-01-26 17:57:00.000000', 1, 'A', 42016403215, 19),
(924, '2018-01-26 17:57:00.000000', 1, 'A', 42116403215, 19),
(925, '2018-01-26 17:57:00.000000', 1, 'A', 41616403215, 19),
(926, '2018-01-26 17:57:00.000000', 1, 'A', 60116403215, 19),
(927, '2018-01-26 17:57:00.000000', 1, 'A', 60416403215, 19),
(928, '2018-01-26 17:57:00.000000', 1, 'A', 70116403215, 19),
(929, '2018-01-26 17:57:00.000000', 1, 'A', 60216403215, 19),
(930, '2018-01-26 17:57:00.000000', 1, 'A', 70216403215, 19),
(931, '2018-01-26 17:57:00.000000', 1, 'A', 70316403215, 19),
(932, '2018-01-26 17:57:00.000000', 1, 'A', 70416403215, 19),
(933, '2018-01-26 17:57:00.000000', 1, 'A', 70616403215, 19),
(934, '2018-01-26 17:57:00.000000', 1, 'A', 70816403215, 19),
(935, '2018-01-26 17:57:00.000000', 1, 'A', 70916403215, 19),
(936, '2018-01-26 17:57:00.000000', 1, 'A', 70716403215, 19),
(937, '2018-01-15 00:03:00.000000', 2, 'A', 116403215, 19),
(938, '2018-01-15 00:03:00.000000', 2, 'A', 216403215, 19),
(939, '2018-01-15 00:03:00.000000', 2, 'A', 316403215, 19),
(940, '2018-01-15 00:03:00.000000', 2, 'A', 416403215, 19),
(941, '2018-01-15 00:03:00.000000', 2, 'A', 516403215, 19),
(942, '2018-01-15 00:03:00.000000', 2, 'A', 616403215, 19),
(943, '2018-01-15 00:03:00.000000', 2, 'A', 1016403215, 19),
(944, '2018-01-15 00:03:00.000000', 2, 'A', 816403215, 19),
(945, '2018-01-15 00:03:00.000000', 2, 'A', 1216403215, 19),
(946, '2018-01-15 00:03:00.000000', 2, 'A', 1416403215, 19),
(947, '2018-01-15 00:03:00.000000', 2, 'A', 1716403215, 19),
(948, '2018-01-15 00:03:00.000000', 2, 'A', 1816403215, 19),
(949, '2018-01-15 00:03:00.000000', 2, 'A', 1916403215, 19),
(950, '2018-01-15 00:03:00.000000', 2, 'A', 1516403215, 19),
(951, '2018-01-15 00:03:00.000000', 2, 'A', 2216403215, 19),
(952, '2018-01-15 00:03:00.000000', 2, 'A', 2316403215, 19),
(953, '2018-01-15 00:03:00.000000', 2, 'A', 2116403215, 19),
(954, '2018-01-15 00:03:00.000000', 2, 'A', 2016403215, 19),
(955, '2018-01-15 00:03:00.000000', 2, 'A', 2416403215, 19),
(956, '2018-01-15 00:03:00.000000', 2, 'A', 2616403215, 19),
(957, '2018-01-15 00:03:00.000000', 2, 'A', 2816403215, 19),
(958, '2018-01-15 00:03:00.000000', 2, 'A', 3016403215, 19),
(959, '2018-01-15 00:03:00.000000', 2, 'A', 2916403215, 19),
(960, '2018-01-15 00:03:00.000000', 2, 'A', 3616403215, 19),
(961, '2018-01-15 00:03:00.000000', 2, 'A', 3916403215, 19),
(962, '2018-01-15 00:03:00.000000', 2, 'A', 3816403215, 19),
(963, '2018-01-15 00:03:00.000000', 2, 'A', 6031640325, 19),
(964, '2018-01-15 00:03:00.000000', 2, 'A', 10116402315, 19),
(965, '2018-01-15 00:03:00.000000', 2, 'A', 10216402315, 19),
(966, '2018-01-15 00:03:00.000000', 2, 'A', 10316402315, 19),
(967, '2018-01-15 00:03:00.000000', 2, 'A', 40116403215, 19),
(968, '2018-01-15 00:03:00.000000', 2, 'A', 40216403215, 19),
(969, '2018-01-15 00:03:00.000000', 2, 'A', 40316403215, 19),
(970, '2018-01-15 00:03:00.000000', 2, 'A', 40516403215, 19),
(971, '2018-01-15 00:03:00.000000', 2, 'A', 40716403215, 19),
(972, '2018-01-15 00:03:00.000000', 2, 'A', 40916403215, 19),
(973, '2018-01-15 00:03:00.000000', 2, 'A', 41016403215, 19),
(974, '2018-01-15 00:03:00.000000', 2, 'A', 40816403215, 19),
(975, '2018-01-15 00:03:00.000000', 2, 'A', 41216403215, 19),
(976, '2018-01-15 00:03:00.000000', 2, 'A', 41416403215, 19),
(977, '2018-01-15 00:03:00.000000', 2, 'A', 41516403215, 19),
(978, '2018-01-15 00:03:00.000000', 2, 'A', 41616403215, 19),
(979, '2018-01-15 00:03:00.000000', 2, 'A', 41316403215, 19),
(980, '2018-01-15 00:03:00.000000', 2, 'A', 41816403215, 19),
(981, '2018-01-15 00:03:00.000000', 2, 'A', 41916403215, 19);
INSERT INTO `usict_attendance` (`id`, `lecture_timestamp`, `duration_of_class`, `attendance`, `student`, `subject_id`) VALUES
(982, '2018-01-15 00:03:00.000000', 2, 'A', 42016403215, 19),
(983, '2018-01-15 00:03:00.000000', 2, 'A', 41716403215, 19),
(984, '2018-01-15 00:03:00.000000', 2, 'A', 42116403215, 19),
(985, '2018-01-15 00:03:00.000000', 2, 'A', 60116403215, 19),
(986, '2018-01-15 00:03:00.000000', 2, 'A', 60216403215, 19),
(987, '2018-01-15 00:03:00.000000', 2, 'A', 60416403215, 19),
(988, '2018-01-15 00:03:00.000000', 2, 'A', 70116403215, 19),
(989, '2018-01-15 00:03:00.000000', 2, 'A', 70316403215, 19),
(990, '2018-01-15 00:03:00.000000', 2, 'A', 70216403215, 19),
(991, '2018-01-15 00:03:00.000000', 2, 'A', 70416403215, 19),
(992, '2018-01-15 00:03:00.000000', 2, 'A', 70616403215, 19),
(993, '2018-01-15 00:03:00.000000', 2, 'A', 70716403215, 19),
(994, '2018-01-15 00:03:00.000000', 2, 'A', 70916403215, 19),
(995, '2018-01-15 00:03:00.000000', 2, 'A', 70816403215, 19),
(996, '2018-01-07 07:03:00.000000', 1, 'A', 116403215, 19),
(997, '2018-01-07 07:03:00.000000', 1, 'A', 216403215, 19),
(998, '2018-01-07 07:03:00.000000', 1, 'A', 316403215, 19),
(999, '2018-01-07 07:03:00.000000', 1, 'A', 416403215, 19),
(1000, '2018-01-07 07:03:00.000000', 1, 'A', 516403215, 19),
(1001, '2018-01-07 07:03:00.000000', 1, 'A', 616403215, 19),
(1002, '2018-01-07 07:03:00.000000', 1, 'A', 816403215, 19),
(1003, '2018-01-07 07:03:00.000000', 1, 'A', 1016403215, 19),
(1004, '2018-01-07 07:03:00.000000', 1, 'A', 1416403215, 19),
(1005, '2018-01-07 07:03:00.000000', 1, 'A', 1216403215, 19),
(1006, '2018-01-07 07:03:00.000000', 1, 'A', 1516403215, 19),
(1007, '2018-01-07 07:03:00.000000', 1, 'A', 1916403215, 19),
(1008, '2018-01-07 07:03:00.000000', 1, 'A', 2016403215, 19),
(1009, '2018-01-07 07:03:00.000000', 1, 'A', 1716403215, 19),
(1010, '2018-01-07 07:03:00.000000', 1, 'A', 1816403215, 19),
(1011, '2018-01-07 07:03:00.000000', 1, 'A', 2116403215, 19),
(1012, '2018-01-07 07:03:00.000000', 1, 'A', 2216403215, 19),
(1013, '2018-01-07 07:03:00.000000', 1, 'A', 2316403215, 19),
(1014, '2018-01-07 07:03:00.000000', 1, 'A', 2416403215, 19),
(1015, '2018-01-07 07:03:00.000000', 1, 'A', 2816403215, 19),
(1016, '2018-01-07 07:03:00.000000', 1, 'A', 2616403215, 19),
(1017, '2018-01-07 07:03:00.000000', 1, 'A', 2916403215, 19),
(1018, '2018-01-07 07:03:00.000000', 1, 'A', 3016403215, 19),
(1019, '2018-01-07 07:03:00.000000', 1, 'A', 3816403215, 19),
(1020, '2018-01-07 07:03:00.000000', 1, 'A', 3916403215, 19),
(1021, '2018-01-07 07:03:00.000000', 1, 'A', 6031640325, 19),
(1022, '2018-01-07 07:03:00.000000', 1, 'A', 10116402315, 19),
(1023, '2018-01-07 07:03:00.000000', 1, 'A', 10216402315, 19),
(1024, '2018-01-07 07:03:00.000000', 1, 'A', 10316402315, 19),
(1025, '2018-01-07 07:03:00.000000', 1, 'A', 40116403215, 19),
(1026, '2018-01-07 07:03:00.000000', 1, 'A', 3616403215, 19),
(1027, '2018-01-07 07:03:00.000000', 1, 'A', 40216403215, 19),
(1028, '2018-01-07 07:03:00.000000', 1, 'A', 40516403215, 19),
(1029, '2018-01-07 07:03:00.000000', 1, 'A', 40316403215, 19),
(1030, '2018-01-07 07:03:00.000000', 1, 'A', 40716403215, 19),
(1031, '2018-01-07 07:03:00.000000', 1, 'A', 40816403215, 19),
(1032, '2018-01-07 07:03:00.000000', 1, 'A', 40916403215, 19),
(1033, '2018-01-07 07:03:00.000000', 1, 'A', 41016403215, 19),
(1034, '2018-01-07 07:03:00.000000', 1, 'A', 41216403215, 19),
(1035, '2018-01-07 07:03:00.000000', 1, 'A', 41316403215, 19),
(1036, '2018-01-07 07:03:00.000000', 1, 'A', 41616403215, 19),
(1037, '2018-01-07 07:03:00.000000', 1, 'A', 41516403215, 19),
(1038, '2018-01-07 07:03:00.000000', 1, 'A', 41416403215, 19),
(1039, '2018-01-07 07:03:00.000000', 1, 'A', 41816403215, 19),
(1040, '2018-01-07 07:03:00.000000', 1, 'A', 41716403215, 19),
(1041, '2018-01-07 07:03:00.000000', 1, 'A', 42016403215, 19),
(1042, '2018-01-07 07:03:00.000000', 1, 'A', 41916403215, 19),
(1043, '2018-01-07 07:03:00.000000', 1, 'A', 60116403215, 19),
(1044, '2018-01-07 07:03:00.000000', 1, 'A', 42116403215, 19),
(1045, '2018-01-07 07:03:00.000000', 1, 'A', 60416403215, 19),
(1046, '2018-01-07 07:03:00.000000', 1, 'A', 60216403215, 19),
(1047, '2018-01-07 07:03:00.000000', 1, 'A', 70116403215, 19),
(1048, '2018-01-07 07:03:00.000000', 1, 'A', 70216403215, 19),
(1049, '2018-01-07 07:03:00.000000', 1, 'A', 70316403215, 19),
(1050, '2018-01-07 07:03:00.000000', 1, 'A', 70416403215, 19),
(1051, '2018-01-07 07:03:00.000000', 1, 'A', 70616403215, 19),
(1052, '2018-01-07 07:03:00.000000', 1, 'A', 70816403215, 19),
(1053, '2018-01-07 07:03:00.000000', 1, 'A', 70716403215, 19),
(1054, '2018-01-07 07:03:00.000000', 1, 'A', 70916403215, 19),
(1055, '2018-01-15 08:03:00.000000', 3, 'A', 116403215, 19),
(1056, '2018-01-15 08:03:00.000000', 3, 'A', 216403215, 19),
(1057, '2018-01-15 08:03:00.000000', 3, 'A', 316403215, 19),
(1058, '2018-01-15 08:03:00.000000', 3, 'A', 416403215, 19),
(1059, '2018-01-15 08:03:00.000000', 3, 'A', 516403215, 19),
(1060, '2018-01-15 08:03:00.000000', 3, 'A', 616403215, 19),
(1061, '2018-01-15 08:03:00.000000', 3, 'A', 816403215, 19),
(1062, '2018-01-15 08:03:00.000000', 3, 'A', 1016403215, 19),
(1063, '2018-01-15 08:03:00.000000', 3, 'A', 1216403215, 19),
(1064, '2018-01-15 08:03:00.000000', 3, 'A', 1416403215, 19),
(1065, '2018-01-15 08:03:00.000000', 3, 'A', 1516403215, 19),
(1066, '2018-01-15 08:03:00.000000', 3, 'A', 1716403215, 19),
(1067, '2018-01-15 08:03:00.000000', 3, 'A', 1816403215, 19),
(1068, '2018-01-15 08:03:00.000000', 3, 'A', 1916403215, 19),
(1069, '2018-01-15 08:03:00.000000', 3, 'A', 2016403215, 19),
(1070, '2018-01-15 08:03:00.000000', 3, 'A', 2116403215, 19),
(1071, '2018-01-15 08:03:00.000000', 3, 'A', 2216403215, 19),
(1072, '2018-01-15 08:03:00.000000', 3, 'A', 2316403215, 19),
(1073, '2018-01-15 08:03:00.000000', 3, 'A', 2616403215, 19),
(1074, '2018-01-15 08:03:00.000000', 3, 'A', 2416403215, 19),
(1075, '2018-01-15 08:03:00.000000', 3, 'A', 2816403215, 19),
(1076, '2018-01-15 08:03:00.000000', 3, 'A', 2916403215, 19),
(1077, '2018-01-15 08:03:00.000000', 3, 'A', 3616403215, 19),
(1078, '2018-01-15 08:03:00.000000', 3, 'A', 3816403215, 19),
(1079, '2018-01-15 08:03:00.000000', 3, 'A', 3916403215, 19),
(1080, '2018-01-15 08:03:00.000000', 3, 'A', 6031640325, 19),
(1081, '2018-01-15 08:03:00.000000', 3, 'A', 10116402315, 19),
(1082, '2018-01-15 08:03:00.000000', 3, 'A', 10216402315, 19),
(1083, '2018-01-15 08:03:00.000000', 3, 'A', 3016403215, 19),
(1084, '2018-01-15 08:03:00.000000', 3, 'A', 40116403215, 19),
(1085, '2018-01-15 08:03:00.000000', 3, 'A', 10316402315, 19),
(1086, '2018-01-15 08:03:00.000000', 3, 'A', 40216403215, 19),
(1087, '2018-01-15 08:03:00.000000', 3, 'A', 40316403215, 19),
(1088, '2018-01-15 08:03:00.000000', 3, 'A', 40516403215, 19),
(1089, '2018-01-15 08:03:00.000000', 3, 'A', 40816403215, 19),
(1090, '2018-01-15 08:03:00.000000', 3, 'A', 40716403215, 19),
(1091, '2018-01-15 08:03:00.000000', 3, 'A', 40916403215, 19),
(1092, '2018-01-15 08:03:00.000000', 3, 'A', 41216403215, 19),
(1093, '2018-01-15 08:03:00.000000', 3, 'A', 41316403215, 19),
(1094, '2018-01-15 08:03:00.000000', 3, 'A', 41416403215, 19),
(1095, '2018-01-15 08:03:00.000000', 3, 'A', 41516403215, 19),
(1096, '2018-01-15 08:03:00.000000', 3, 'A', 41616403215, 19),
(1097, '2018-01-15 08:03:00.000000', 3, 'A', 41016403215, 19),
(1098, '2018-01-15 08:03:00.000000', 3, 'A', 41716403215, 19),
(1099, '2018-01-15 08:03:00.000000', 3, 'A', 41916403215, 19),
(1100, '2018-01-15 08:03:00.000000', 3, 'A', 42016403215, 19),
(1101, '2018-01-15 08:03:00.000000', 3, 'A', 41816403215, 19),
(1102, '2018-01-15 08:03:00.000000', 3, 'A', 60216403215, 19),
(1103, '2018-01-15 08:03:00.000000', 3, 'A', 60416403215, 19),
(1104, '2018-01-15 08:03:00.000000', 3, 'A', 70116403215, 19),
(1105, '2018-01-15 08:03:00.000000', 3, 'A', 42116403215, 19),
(1106, '2018-01-15 08:03:00.000000', 3, 'A', 60116403215, 19),
(1107, '2018-01-15 08:03:00.000000', 3, 'A', 70316403215, 19),
(1108, '2018-01-15 08:03:00.000000', 3, 'A', 70416403215, 19),
(1109, '2018-01-15 08:03:00.000000', 3, 'A', 70616403215, 19),
(1110, '2018-01-15 08:03:00.000000', 3, 'A', 70216403215, 19),
(1111, '2018-01-15 08:03:00.000000', 3, 'A', 70816403215, 19),
(1112, '2018-01-15 08:03:00.000000', 3, 'A', 70716403215, 19),
(1113, '2018-01-15 08:03:00.000000', 3, 'A', 70916403215, 19),
(1114, '2018-01-13 01:16:00.000000', 1, 'A', 116403215, 19),
(1115, '2018-01-13 01:16:00.000000', 1, 'A', 216403215, 19),
(1116, '2018-01-13 01:16:00.000000', 1, 'A', 1416403215, 19),
(1117, '2018-01-13 01:16:00.000000', 1, 'A', 416403215, 19),
(1118, '2018-01-13 01:16:00.000000', 1, 'A', 316403215, 19),
(1119, '2018-01-13 01:16:00.000000', 1, 'A', 1016403215, 19),
(1120, '2018-01-13 01:16:00.000000', 1, 'A', 1516403215, 19),
(1121, '2018-01-13 01:16:00.000000', 1, 'A', 616403215, 19),
(1122, '2018-01-13 01:16:00.000000', 1, 'A', 516403215, 19),
(1123, '2018-01-13 01:16:00.000000', 1, 'A', 816403215, 19),
(1124, '2018-01-13 01:16:00.000000', 1, 'A', 1216403215, 19),
(1125, '2018-01-13 01:16:00.000000', 1, 'A', 1816403215, 19),
(1126, '2018-01-13 01:16:00.000000', 1, 'A', 1716403215, 19),
(1127, '2018-01-13 01:16:00.000000', 1, 'A', 1916403215, 19),
(1128, '2018-01-13 01:16:00.000000', 1, 'A', 2416403215, 19),
(1129, '2018-01-13 01:16:00.000000', 1, 'A', 2216403215, 19),
(1130, '2018-01-13 01:16:00.000000', 1, 'A', 2116403215, 19),
(1131, '2018-01-13 01:16:00.000000', 1, 'A', 2616403215, 19),
(1132, '2018-01-13 01:16:00.000000', 1, 'A', 2316403215, 19),
(1133, '2018-01-13 01:16:00.000000', 1, 'A', 2016403215, 19),
(1134, '2018-01-13 01:16:00.000000', 1, 'A', 2816403215, 19),
(1135, '2018-01-13 01:16:00.000000', 1, 'A', 3816403215, 19),
(1136, '2018-01-13 01:16:00.000000', 1, 'A', 3916403215, 19),
(1137, '2018-01-13 01:16:00.000000', 1, 'A', 6031640325, 19),
(1138, '2018-01-13 01:16:00.000000', 1, 'A', 10116402315, 19),
(1139, '2018-01-13 01:16:00.000000', 1, 'A', 2916403215, 19),
(1140, '2018-01-13 01:16:00.000000', 1, 'A', 3616403215, 19),
(1141, '2018-01-13 01:16:00.000000', 1, 'A', 3016403215, 19),
(1142, '2018-01-13 01:16:00.000000', 1, 'A', 10316402315, 19),
(1143, '2018-01-13 01:16:00.000000', 1, 'A', 40116403215, 19),
(1144, '2018-01-13 01:16:00.000000', 1, 'A', 10216402315, 19),
(1145, '2018-01-13 01:16:00.000000', 1, 'A', 40216403215, 19),
(1146, '2018-01-13 01:16:00.000000', 1, 'A', 40316403215, 19),
(1147, '2018-01-13 01:16:00.000000', 1, 'A', 40516403215, 19),
(1148, '2018-01-13 01:16:00.000000', 1, 'A', 40716403215, 19),
(1149, '2018-01-13 01:16:00.000000', 1, 'A', 40816403215, 19),
(1150, '2018-01-13 01:16:00.000000', 1, 'A', 40916403215, 19),
(1151, '2018-01-13 01:16:00.000000', 1, 'A', 41016403215, 19),
(1152, '2018-01-13 01:16:00.000000', 1, 'A', 41316403215, 19),
(1153, '2018-01-13 01:16:00.000000', 1, 'A', 41416403215, 19),
(1154, '2018-01-13 01:16:00.000000', 1, 'A', 41516403215, 19),
(1155, '2018-01-13 01:16:00.000000', 1, 'A', 41616403215, 19),
(1156, '2018-01-13 01:16:00.000000', 1, 'A', 41716403215, 19),
(1157, '2018-01-13 01:16:00.000000', 1, 'A', 41816403215, 19),
(1158, '2018-01-13 01:16:00.000000', 1, 'A', 41216403215, 19),
(1159, '2018-01-13 01:16:00.000000', 1, 'A', 41916403215, 19),
(1160, '2018-01-13 01:16:00.000000', 1, 'A', 60116403215, 19),
(1161, '2018-01-13 01:16:00.000000', 1, 'A', 42116403215, 19),
(1162, '2018-01-13 01:16:00.000000', 1, 'A', 60416403215, 19),
(1163, '2018-01-13 01:16:00.000000', 1, 'A', 42016403215, 19),
(1164, '2018-01-13 01:16:00.000000', 1, 'A', 60216403215, 19),
(1165, '2018-01-13 01:16:00.000000', 1, 'A', 70116403215, 19),
(1166, '2018-01-13 01:16:00.000000', 1, 'A', 70216403215, 19),
(1167, '2018-01-13 01:16:00.000000', 1, 'A', 70316403215, 19),
(1168, '2018-01-13 01:16:00.000000', 1, 'A', 70416403215, 19),
(1169, '2018-01-13 01:16:00.000000', 1, 'A', 70616403215, 19),
(1170, '2018-01-13 01:16:00.000000', 1, 'A', 70716403215, 19),
(1171, '2018-01-13 01:16:00.000000', 1, 'A', 70916403215, 19),
(1172, '2018-01-13 01:16:00.000000', 1, 'A', 70816403215, 19),
(1173, '2018-01-08 23:17:00.000000', 1, 'A', 316403215, 19),
(1174, '2018-01-08 23:17:00.000000', 1, 'A', 216403215, 19),
(1175, '2018-01-08 23:17:00.000000', 1, 'A', 416403215, 19),
(1176, '2018-01-08 23:17:00.000000', 1, 'A', 1416403215, 19),
(1177, '2018-01-08 23:17:00.000000', 1, 'A', 116403215, 19),
(1178, '2018-01-08 23:17:00.000000', 1, 'A', 516403215, 19),
(1179, '2018-01-08 23:17:00.000000', 1, 'A', 1716403215, 19),
(1180, '2018-01-08 23:17:00.000000', 1, 'A', 1816403215, 19),
(1181, '2018-01-08 23:17:00.000000', 1, 'A', 1916403215, 19),
(1182, '2018-01-08 23:17:00.000000', 1, 'A', 2016403215, 19),
(1183, '2018-01-08 23:17:00.000000', 1, 'A', 2116403215, 19),
(1184, '2018-01-08 23:17:00.000000', 1, 'A', 616403215, 19),
(1185, '2018-01-08 23:17:00.000000', 1, 'A', 816403215, 19),
(1186, '2018-01-08 23:17:00.000000', 1, 'A', 1516403215, 19),
(1187, '2018-01-08 23:17:00.000000', 1, 'A', 1016403215, 19),
(1188, '2018-01-08 23:17:00.000000', 1, 'A', 2216403215, 19),
(1189, '2018-01-08 23:17:00.000000', 1, 'A', 1216403215, 19),
(1190, '2018-01-08 23:17:00.000000', 1, 'A', 2316403215, 19),
(1191, '2018-01-08 23:17:00.000000', 1, 'A', 2416403215, 19),
(1192, '2018-01-08 23:17:00.000000', 1, 'A', 2616403215, 19),
(1193, '2018-01-08 23:17:00.000000', 1, 'A', 2816403215, 19),
(1194, '2018-01-08 23:17:00.000000', 1, 'A', 3016403215, 19),
(1195, '2018-01-08 23:17:00.000000', 1, 'A', 2916403215, 19),
(1196, '2018-01-08 23:17:00.000000', 1, 'A', 3816403215, 19),
(1197, '2018-01-08 23:17:00.000000', 1, 'A', 3916403215, 19),
(1198, '2018-01-08 23:17:00.000000', 1, 'A', 3616403215, 19),
(1199, '2018-01-08 23:17:00.000000', 1, 'A', 6031640325, 19),
(1200, '2018-01-08 23:17:00.000000', 1, 'A', 10116402315, 19),
(1201, '2018-01-08 23:17:00.000000', 1, 'A', 10216402315, 19),
(1202, '2018-01-08 23:17:00.000000', 1, 'A', 10316402315, 19),
(1203, '2018-01-08 23:17:00.000000', 1, 'A', 40116403215, 19),
(1204, '2018-01-08 23:17:00.000000', 1, 'A', 40216403215, 19),
(1205, '2018-01-08 23:17:00.000000', 1, 'A', 40316403215, 19),
(1206, '2018-01-08 23:17:00.000000', 1, 'A', 40516403215, 19),
(1207, '2018-01-08 23:17:00.000000', 1, 'A', 40716403215, 19),
(1208, '2018-01-08 23:17:00.000000', 1, 'A', 40816403215, 19),
(1209, '2018-01-08 23:17:00.000000', 1, 'A', 40916403215, 19),
(1210, '2018-01-08 23:17:00.000000', 1, 'A', 41016403215, 19),
(1211, '2018-01-08 23:17:00.000000', 1, 'A', 41216403215, 19),
(1212, '2018-01-08 23:17:00.000000', 1, 'A', 41316403215, 19),
(1213, '2018-01-08 23:17:00.000000', 1, 'A', 41416403215, 19),
(1214, '2018-01-08 23:17:00.000000', 1, 'A', 41616403215, 19),
(1215, '2018-01-08 23:17:00.000000', 1, 'A', 41716403215, 19),
(1216, '2018-01-08 23:17:00.000000', 1, 'A', 41816403215, 19),
(1217, '2018-01-08 23:17:00.000000', 1, 'A', 41916403215, 19),
(1218, '2018-01-08 23:17:00.000000', 1, 'A', 42016403215, 19),
(1219, '2018-01-08 23:17:00.000000', 1, 'A', 60116403215, 19),
(1220, '2018-01-08 23:17:00.000000', 1, 'A', 42116403215, 19),
(1221, '2018-01-08 23:17:00.000000', 1, 'A', 60216403215, 19),
(1222, '2018-01-08 23:17:00.000000', 1, 'A', 41516403215, 19),
(1223, '2018-01-08 23:17:00.000000', 1, 'A', 60416403215, 19),
(1224, '2018-01-08 23:17:00.000000', 1, 'A', 70416403215, 19),
(1225, '2018-01-08 23:17:00.000000', 1, 'A', 70216403215, 19),
(1226, '2018-01-08 23:17:00.000000', 1, 'A', 70116403215, 19),
(1227, '2018-01-08 23:17:00.000000', 1, 'A', 70316403215, 19),
(1228, '2018-01-08 23:17:00.000000', 1, 'A', 70616403215, 19),
(1229, '2018-01-08 23:17:00.000000', 1, 'A', 70816403215, 19),
(1230, '2018-01-08 23:17:00.000000', 1, 'A', 70916403215, 19),
(1231, '2018-01-08 23:17:00.000000', 1, 'A', 70716403215, 19),
(1232, '2018-01-21 20:17:00.000000', 1, 'A', 1716403215, 19),
(1233, '2018-01-21 20:17:00.000000', 1, 'P', 616403215, 19),
(1234, '2018-01-21 20:17:00.000000', 1, 'P', 1416403215, 19),
(1235, '2018-01-21 20:17:00.000000', 1, 'P', 2616403215, 19),
(1236, '2018-01-21 20:17:00.000000', 1, 'A', 116403215, 19),
(1237, '2018-01-21 20:17:00.000000', 1, 'A', 316403215, 19),
(1238, '2018-01-21 20:17:00.000000', 1, 'A', 516403215, 19),
(1239, '2018-01-21 20:17:00.000000', 1, 'A', 816403215, 19),
(1240, '2018-01-21 20:17:00.000000', 1, 'A', 1016403215, 19),
(1241, '2018-01-21 20:17:00.000000', 1, 'A', 1516403215, 19),
(1242, '2018-01-21 20:17:00.000000', 1, 'A', 1816403215, 19),
(1243, '2018-01-21 20:17:00.000000', 1, 'A', 1916403215, 19),
(1244, '2018-01-21 20:17:00.000000', 1, 'A', 2016403215, 19),
(1245, '2018-01-21 20:17:00.000000', 1, 'A', 2116403215, 19),
(1246, '2018-01-21 20:17:00.000000', 1, 'A', 2216403215, 19),
(1247, '2018-01-21 20:17:00.000000', 1, 'A', 2316403215, 19),
(1248, '2018-01-21 20:17:00.000000', 1, 'A', 2416403215, 19),
(1249, '2018-01-21 20:17:00.000000', 1, 'A', 2816403215, 19),
(1250, '2018-01-21 20:17:00.000000', 1, 'A', 3616403215, 19),
(1251, '2018-01-21 20:17:00.000000', 1, 'A', 3816403215, 19),
(1252, '2018-01-21 20:17:00.000000', 1, 'A', 3916403215, 19),
(1253, '2018-01-21 20:17:00.000000', 1, 'A', 3016403215, 19),
(1254, '2018-01-21 20:17:00.000000', 1, 'A', 10216402315, 19),
(1255, '2018-01-21 20:17:00.000000', 1, 'A', 10316402315, 19),
(1256, '2018-01-21 20:17:00.000000', 1, 'A', 40216403215, 19),
(1257, '2018-01-21 20:17:00.000000', 1, 'A', 40116403215, 19),
(1258, '2018-01-21 20:17:00.000000', 1, 'A', 6031640325, 19),
(1259, '2018-01-21 20:17:00.000000', 1, 'A', 10116402315, 19),
(1260, '2018-01-21 20:17:00.000000', 1, 'A', 40316403215, 19),
(1261, '2018-01-21 20:17:00.000000', 1, 'A', 40516403215, 19),
(1262, '2018-01-21 20:17:00.000000', 1, 'A', 40716403215, 19),
(1263, '2018-01-21 20:17:00.000000', 1, 'A', 40816403215, 19),
(1264, '2018-01-21 20:17:00.000000', 1, 'A', 40916403215, 19),
(1265, '2018-01-21 20:17:00.000000', 1, 'A', 41016403215, 19),
(1266, '2018-01-21 20:17:00.000000', 1, 'A', 41216403215, 19),
(1267, '2018-01-21 20:17:00.000000', 1, 'A', 41316403215, 19),
(1268, '2018-01-21 20:17:00.000000', 1, 'A', 41516403215, 19),
(1269, '2018-01-21 20:17:00.000000', 1, 'A', 41616403215, 19),
(1270, '2018-01-21 20:17:00.000000', 1, 'A', 41716403215, 19),
(1271, '2018-01-21 20:17:00.000000', 1, 'A', 41416403215, 19),
(1272, '2018-01-21 20:17:00.000000', 1, 'A', 41916403215, 19),
(1273, '2018-01-21 20:17:00.000000', 1, 'A', 42016403215, 19),
(1274, '2018-01-21 20:17:00.000000', 1, 'A', 42116403215, 19),
(1275, '2018-01-21 20:17:00.000000', 1, 'A', 60116403215, 19),
(1276, '2018-01-21 20:17:00.000000', 1, 'A', 60216403215, 19),
(1277, '2018-01-21 20:17:00.000000', 1, 'A', 41816403215, 19),
(1278, '2018-01-21 20:17:00.000000', 1, 'A', 60416403215, 19),
(1279, '2018-01-21 20:17:00.000000', 1, 'A', 70116403215, 19),
(1280, '2018-01-21 20:17:00.000000', 1, 'A', 70216403215, 19),
(1281, '2018-01-21 20:17:00.000000', 1, 'A', 70316403215, 19),
(1282, '2018-01-21 20:17:00.000000', 1, 'A', 70416403215, 19),
(1283, '2018-01-21 20:17:00.000000', 1, 'A', 70616403215, 19),
(1284, '2018-01-21 20:17:00.000000', 1, 'A', 70716403215, 19),
(1285, '2018-01-21 20:17:00.000000', 1, 'A', 70816403215, 19),
(1286, '2018-01-21 20:17:00.000000', 1, 'A', 70916403215, 19),
(1287, '2018-01-21 20:17:00.000000', 1, 'NA', 216403215, 19),
(1288, '2018-01-21 20:17:00.000000', 1, 'NA', 1216403215, 19),
(1289, '2018-01-21 20:17:00.000000', 1, 'NA', 2916403215, 19),
(1290, '2018-01-21 20:17:00.000000', 1, 'NA', 416403215, 19),
(1291, '2018-01-03 03:46:00.000000', 1, 'A', 1516401514, 62),
(1292, '2018-01-03 03:46:00.000000', 1, 'A', 216401514, 62),
(1293, '2018-01-03 03:46:00.000000', 1, 'A', 1616401514, 62),
(1294, '2018-01-03 03:46:00.000000', 1, 'A', 516401514, 62),
(1295, '2018-01-03 03:46:00.000000', 1, 'A', 916401514, 62),
(1296, '2018-01-03 03:46:00.000000', 1, 'A', 416401514, 62),
(1297, '2018-01-03 03:46:00.000000', 1, 'A', 1016401514, 62),
(1298, '2018-01-03 03:46:00.000000', 1, 'A', 1216401514, 62),
(1299, '2018-01-03 03:46:00.000000', 1, 'A', 1116401514, 62),
(1300, '2018-01-03 03:46:00.000000', 1, 'A', 1716401514, 62),
(1301, '2018-01-03 03:46:00.000000', 1, 'A', 816401514, 62),
(1302, '2018-01-03 03:46:00.000000', 1, 'A', 1916401514, 62),
(1303, '2018-01-03 03:46:00.000000', 1, 'A', 2016401514, 62),
(1304, '2018-01-03 03:46:00.000000', 1, 'A', 2316401514, 62),
(1305, '2018-01-03 03:46:00.000000', 1, 'A', 1416401514, 62),
(1306, '2018-01-03 03:46:00.000000', 1, 'A', 2416401514, 62),
(1307, '2018-01-03 03:46:00.000000', 1, 'A', 2716401514, 62),
(1308, '2018-01-03 03:46:00.000000', 1, 'A', 2816401514, 62),
(1309, '2018-01-03 03:46:00.000000', 1, 'A', 3016401514, 62),
(1310, '2018-01-03 03:46:00.000000', 1, 'A', 3216401514, 62),
(1311, '2018-01-03 03:46:00.000000', 1, 'A', 3316401514, 62),
(1312, '2018-01-03 03:46:00.000000', 1, 'A', 3516401514, 62),
(1313, '2018-01-03 03:46:00.000000', 1, 'A', 3816401514, 62),
(1314, '2018-01-03 03:46:00.000000', 1, 'A', 4116401514, 62),
(1315, '2018-01-03 03:46:00.000000', 1, 'A', 3416401514, 62),
(1316, '2018-01-03 03:46:00.000000', 1, 'A', 4216401514, 62),
(1317, '2018-01-03 03:46:00.000000', 1, 'A', 4316401514, 62),
(1318, '2018-01-03 03:46:00.000000', 1, 'A', 4416401514, 62),
(1319, '2018-01-03 03:46:00.000000', 1, 'A', 4616401514, 62),
(1320, '2018-01-03 03:46:00.000000', 1, 'A', 3916401514, 62),
(1321, '2018-01-03 03:46:00.000000', 1, 'A', 4816401514, 62),
(1322, '2018-01-03 03:46:00.000000', 1, 'A', 4716401514, 62),
(1323, '2018-01-03 03:46:00.000000', 1, 'A', 5016401514, 62),
(1324, '2018-01-03 03:46:00.000000', 1, 'A', 4916401514, 62),
(1325, '2018-01-03 03:46:00.000000', 1, 'A', 5116401514, 62),
(1326, '2018-01-03 03:46:00.000000', 1, 'A', 5216401514, 62),
(1327, '2018-01-03 03:46:00.000000', 1, 'A', 5416401514, 62),
(1328, '2018-01-03 03:46:00.000000', 1, 'A', 5316401514, 62),
(1329, '2018-01-03 03:46:00.000000', 1, 'A', 5516401514, 62),
(1330, '2018-01-03 03:46:00.000000', 1, 'A', 5716401514, 62),
(1331, '2018-01-03 03:46:00.000000', 1, 'A', 5816401514, 62),
(1332, '2018-01-03 03:46:00.000000', 1, 'A', 5916401514, 62),
(1333, '2018-01-03 03:46:00.000000', 1, 'A', 6016401514, 62),
(1334, '2018-01-03 03:46:00.000000', 1, 'A', 6116401514, 62),
(1335, '2018-01-03 03:46:00.000000', 1, 'A', 6216401514, 62),
(1336, '2018-01-03 03:46:00.000000', 1, 'A', 6316401514, 62),
(1337, '2018-01-03 03:46:00.000000', 1, 'A', 6516401514, 62),
(1338, '2018-01-03 03:46:00.000000', 1, 'A', 6716401514, 62),
(1339, '2018-01-03 03:46:00.000000', 1, 'A', 6916401514, 62),
(1340, '2018-01-03 03:46:00.000000', 1, 'A', 7016401514, 62),
(1341, '2018-01-03 03:46:00.000000', 1, 'A', 7216401514, 62),
(1342, '2018-01-03 03:46:00.000000', 1, 'A', 7316401514, 62),
(1343, '2018-01-03 03:46:00.000000', 1, 'A', 7416401514, 62),
(1344, '2018-01-03 03:46:00.000000', 1, 'A', 7516401514, 62),
(1345, '2018-01-03 03:46:00.000000', 1, 'A', 7716401514, 62),
(1346, '2018-01-03 03:46:00.000000', 1, 'A', 7816401514, 62),
(1347, '2018-01-03 03:46:00.000000', 1, 'A', 7916401514, 62),
(1348, '2018-01-03 03:46:00.000000', 1, 'A', 7116401514, 62),
(1349, '2018-01-03 03:46:00.000000', 1, 'A', 8016401514, 62),
(1350, '2018-01-03 03:46:00.000000', 1, 'A', 8516401514, 62),
(1351, '2018-01-03 03:46:00.000000', 1, 'A', 8316401514, 62),
(1352, '2018-01-03 03:46:00.000000', 1, 'A', 8616401514, 62),
(1353, '2018-01-03 03:46:00.000000', 1, 'A', 9516401514, 62),
(1354, '2018-01-03 03:46:00.000000', 1, 'A', 40116401514, 62),
(1355, '2018-01-03 03:46:00.000000', 1, 'A', 60016401514, 62),
(1356, '2018-01-03 03:46:00.000000', 1, 'A', 8716401514, 62),
(1357, '2018-01-03 03:46:00.000000', 1, 'A', 60216401514, 62),
(1358, '2018-01-03 03:46:00.000000', 1, 'A', 60316401514, 62),
(1359, '2018-01-03 03:46:00.000000', 1, 'A', 60116401514, 62),
(1360, '2018-01-23 02:15:00.000000', 1, 'A', 1216403215, 19),
(1361, '2018-01-23 02:15:00.000000', 1, 'P', 40816403215, 19),
(1362, '2018-01-23 02:15:00.000000', 1, 'P', 116403215, 19),
(1363, '2018-01-23 02:15:00.000000', 1, 'A', 416403215, 19),
(1364, '2018-01-23 02:15:00.000000', 1, 'A', 316403215, 19),
(1365, '2018-01-23 02:15:00.000000', 1, 'A', 516403215, 19),
(1366, '2018-01-23 02:15:00.000000', 1, 'P', 216403215, 19),
(1367, '2018-01-23 02:15:00.000000', 1, 'A', 1016403215, 19),
(1368, '2018-01-23 02:15:00.000000', 1, 'A', 816403215, 19),
(1369, '2018-01-23 02:15:00.000000', 1, 'A', 616403215, 19),
(1370, '2018-01-23 02:15:00.000000', 1, 'A', 1416403215, 19),
(1371, '2018-01-23 02:15:00.000000', 1, 'A', 1516403215, 19),
(1372, '2018-01-23 02:15:00.000000', 1, 'A', 1816403215, 19),
(1373, '2018-01-23 02:15:00.000000', 1, 'A', 1916403215, 19),
(1374, '2018-01-23 02:15:00.000000', 1, 'A', 2016403215, 19),
(1375, '2018-01-23 02:15:00.000000', 1, 'A', 2116403215, 19),
(1376, '2018-01-23 02:15:00.000000', 1, 'A', 2216403215, 19),
(1377, '2018-01-23 02:15:00.000000', 1, 'A', 2316403215, 19),
(1378, '2018-01-23 02:15:00.000000', 1, 'A', 1716403215, 19),
(1379, '2018-01-23 02:15:00.000000', 1, 'A', 2416403215, 19),
(1380, '2018-01-23 02:15:00.000000', 1, 'A', 2616403215, 19),
(1381, '2018-01-23 02:15:00.000000', 1, 'A', 2816403215, 19),
(1382, '2018-01-23 02:15:00.000000', 1, 'A', 2916403215, 19),
(1383, '2018-01-23 02:15:00.000000', 1, 'A', 3016403215, 19),
(1384, '2018-01-23 02:15:00.000000', 1, 'A', 3816403215, 19),
(1385, '2018-01-23 02:15:00.000000', 1, 'A', 3916403215, 19),
(1386, '2018-01-23 02:15:00.000000', 1, 'A', 6031640325, 19),
(1387, '2018-01-23 02:15:00.000000', 1, 'A', 10116402315, 19),
(1388, '2018-01-23 02:15:00.000000', 1, 'A', 10216402315, 19),
(1389, '2018-01-23 02:15:00.000000', 1, 'A', 3616403215, 19),
(1390, '2018-01-23 02:15:00.000000', 1, 'A', 40116403215, 19),
(1391, '2018-01-23 02:15:00.000000', 1, 'A', 10316402315, 19),
(1392, '2018-01-23 02:15:00.000000', 1, 'A', 40216403215, 19),
(1393, '2018-01-23 02:15:00.000000', 1, 'A', 40316403215, 19),
(1394, '2018-01-23 02:15:00.000000', 1, 'A', 40516403215, 19),
(1395, '2018-01-23 02:15:00.000000', 1, 'A', 40916403215, 19),
(1396, '2018-01-23 02:15:00.000000', 1, 'A', 41016403215, 19),
(1397, '2018-01-23 02:15:00.000000', 1, 'A', 41216403215, 19),
(1398, '2018-01-23 02:15:00.000000', 1, 'A', 40716403215, 19),
(1399, '2018-01-23 02:15:00.000000', 1, 'A', 41516403215, 19),
(1400, '2018-01-23 02:15:00.000000', 1, 'A', 41616403215, 19),
(1401, '2018-01-23 02:15:00.000000', 1, 'A', 41316403215, 19),
(1402, '2018-01-23 02:15:00.000000', 1, 'A', 41416403215, 19),
(1403, '2018-01-23 02:15:00.000000', 1, 'A', 41816403215, 19),
(1404, '2018-01-23 02:15:00.000000', 1, 'A', 41916403215, 19),
(1405, '2018-01-23 02:15:00.000000', 1, 'A', 42016403215, 19),
(1406, '2018-01-23 02:15:00.000000', 1, 'A', 42116403215, 19),
(1407, '2018-01-23 02:15:00.000000', 1, 'A', 41716403215, 19),
(1408, '2018-01-23 02:15:00.000000', 1, 'A', 60116403215, 19),
(1409, '2018-01-23 02:15:00.000000', 1, 'A', 60216403215, 19),
(1410, '2018-01-23 02:15:00.000000', 1, 'A', 60416403215, 19),
(1411, '2018-01-23 02:15:00.000000', 1, 'A', 70116403215, 19),
(1412, '2018-01-23 02:15:00.000000', 1, 'A', 70216403215, 19),
(1413, '2018-01-23 02:15:00.000000', 1, 'A', 70316403215, 19),
(1414, '2018-01-23 02:15:00.000000', 1, 'A', 70616403215, 19),
(1415, '2018-01-23 02:15:00.000000', 1, 'A', 70716403215, 19),
(1416, '2018-01-23 02:15:00.000000', 1, 'A', 70416403215, 19),
(1417, '2018-01-23 02:15:00.000000', 1, 'A', 70916403215, 19),
(1418, '2018-01-23 02:15:00.000000', 1, 'A', 70816403215, 19);

-- --------------------------------------------------------

--
-- Table structure for table `usict_batch_allocation`
--

CREATE TABLE `usict_batch_allocation` (
  `batch_id` int(11) NOT NULL,
  `course` varchar(100) NOT NULL,
  `stream` varchar(100) NOT NULL,
  `semester` int(11) NOT NULL
) ENGINE=InnoDB DEFAULT CHARSET=latin1;

--
-- Dumping data for table `usict_batch_allocation`
--

INSERT INTO `usict_batch_allocation` (`batch_id`, `course`, `stream`, `semester`) VALUES
(1, 'MTECH', 'IT', 1),
(2, 'MTECH', 'CSE', 1),
(3, 'MTECH', 'IT', 3),
(4, 'MTECH', 'CSE', 3),
(5, 'BTECH', 'CSE', 5),
(6, 'MTECH', 'ECE', 3),
(7, 'BTECH', 'IT', 3),
(8, 'BTECH', 'IT', 5),
(9, 'BTECH', 'IT', 7),
(10, 'MCA', 'SE', 5),
(11, 'MTECH', 'ECE', 1),
(12, 'MTECH', 'RA', 1),
(13, 'MCA', 'SE', 3),
(14, 'BTECH', 'ECE', 5),
(15, 'BTECH', 'IT', 1),
(16, 'BTECH', 'ECE', 7),
(17, 'MTECH', 'RA', 3),
(18, 'BTECH', 'CSE', 3),
(19, 'BTECH', 'CSE', 7),
(20, 'BTECH', 'CSE', 1),
(21, 'BTECH', 'ECE', 3),
(22, 'MCA', 'SE', 1),
(23, 'BTECH', 'ECE', 1);

-- --------------------------------------------------------

--
-- Table structure for table `usict_students`
--

CREATE TABLE `usict_students` (
  `enrollment_no` bigint(20) NOT NULL,
  `name` varchar(100) NOT NULL,
  `email` varchar(100) DEFAULT NULL,
  `phone` varchar(100) DEFAULT NULL,
  `year_of_admission` int(11) NOT NULL,
  `password` varchar(600) NOT NULL,
  `course` varchar(100) NOT NULL,
  `stream` varchar(100) NOT NULL,
  `batch_id` int(11) DEFAULT NULL,
  `isUpdated` int(11) NOT NULL DEFAULT '0'
) ENGINE=InnoDB DEFAULT CHARSET=latin1;

--
-- Dumping data for table `usict_students`
--

INSERT INTO `usict_students` (`enrollment_no`, `name`, `email`, `phone`, `year_of_admission`, `password`, `course`, `stream`, `batch_id`, `isUpdated`) VALUES
(116403215, 'AAKASH MADAN', NULL, NULL, 2015, '$2a$08$TqHk4godBQ/ouxSrFtd3yuWGfo39JvS9KNaGOsSsOBnDljPvAe27y', 'BTECH', 'CSE', 5, 0),
(116412815, 'ABHISHEK AGGARWAL ', NULL, NULL, 2015, '$2a$08$TqHk4godBQ/ouxSrFtd3yuWGfo39JvS9KNaGOsSsOBnDljPvAe27y', 'BTECH', 'ECE', 14, 0),
(216401514, 'Ujjwal Talluri', NULL, NULL, 2014, '$2a$08$TqHk4godBQ/ouxSrFtd3yuWGfo39JvS9KNaGOsSsOBnDljPvAe27y', 'BTECH', 'IT', 9, 0),
(216403214, 'Karthik R Prakash', 'gestureg@gmail.com', '9811560657', 2014, '$2a$08$TqHk4godBQ/ouxSrFtd3yuWGfo39JvS9KNaGOsSsOBnDljPvAe27y', 'BTECH', 'CSE', 19, 0),
(216403215, 'AKASH PRAJAPAT', NULL, NULL, 2015, '$2a$08$TqHk4godBQ/ouxSrFtd3yuWGfo39JvS9KNaGOsSsOBnDljPvAe27y', 'BTECH', 'CSE', 5, 0),
(216412814, 'VIKRAM GOSAIN', NULL, NULL, 2015, '$2a$08$TqHk4godBQ/ouxSrFtd3yuWGfo39JvS9KNaGOsSsOBnDljPvAe27y', 'BTECH', 'ECE', 16, 0),
(216412815, 'ABHISHEK SHARMA', NULL, NULL, 2015, '$2a$08$TqHk4godBQ/ouxSrFtd3yuWGfo39JvS9KNaGOsSsOBnDljPvAe27y', 'BTECH', 'ECE', 14, 0),
(316403214, 'Anmol Kohli', 'anmolkohli.07@gmail.com', NULL, 2014, '$2a$08$TqHk4godBQ/ouxSrFtd3yuWGfo39JvS9KNaGOsSsOBnDljPvAe27y', 'BTECH', 'CSE', 19, 0),
(316403215, 'AKASH AGRAWAL ', NULL, NULL, 2015, '$2a$08$TqHk4godBQ/ouxSrFtd3yuWGfo39JvS9KNaGOsSsOBnDljPvAe27y', 'BTECH', 'CSE', 5, 0),
(316412814, 'SHIVI JINDAL', NULL, NULL, 2015, '$2a$08$TqHk4godBQ/ouxSrFtd3yuWGfo39JvS9KNaGOsSsOBnDljPvAe27y', 'BTECH', 'ECE', 16, 0),
(316412815, 'AKSHAT JAIN ', NULL, NULL, 2015, '$2a$08$TqHk4godBQ/ouxSrFtd3yuWGfo39JvS9KNaGOsSsOBnDljPvAe27y', 'BTECH', 'ECE', 14, 0),
(416401514, 'Rohit Chugh', NULL, NULL, 2014, '$2a$08$TqHk4godBQ/ouxSrFtd3yuWGfo39JvS9KNaGOsSsOBnDljPvAe27y', 'BTECH', 'IT', 9, 0),
(416403215, 'ARUN MALIK', NULL, NULL, 2015, '$2a$08$TqHk4godBQ/ouxSrFtd3yuWGfo39JvS9KNaGOsSsOBnDljPvAe27y', 'BTECH', 'CSE', 5, 0),
(416412814, 'BANDANA PRASAD', NULL, NULL, 2015, '$2a$08$TqHk4godBQ/ouxSrFtd3yuWGfo39JvS9KNaGOsSsOBnDljPvAe27y', 'BTECH', 'ECE', 16, 0),
(416412815, 'ATUL SINGH ', NULL, NULL, 2015, '$2a$08$TqHk4godBQ/ouxSrFtd3yuWGfo39JvS9KNaGOsSsOBnDljPvAe27y', 'BTECH', 'ECE', 14, 0),
(516401514, 'Dhruv Mehandirata', NULL, NULL, 2014, '$2a$08$TqHk4godBQ/ouxSrFtd3yuWGfo39JvS9KNaGOsSsOBnDljPvAe27y', 'BTECH', 'IT', 9, 0),
(516403214, 'Anurag', 'anuragsidana22@gmail.com', '9990481479', 2014, '$2a$08$TqHk4godBQ/ouxSrFtd3yuWGfo39JvS9KNaGOsSsOBnDljPvAe27y', 'BTECH', 'CSE', 19, 0),
(516403215, 'AVINASH ANAND ', NULL, NULL, 2015, '$2a$08$TqHk4godBQ/ouxSrFtd3yuWGfo39JvS9KNaGOsSsOBnDljPvAe27y', 'BTECH', 'CSE', 5, 0),
(516412815, 'AYUSHI ', NULL, NULL, 2015, '$2a$08$TqHk4godBQ/ouxSrFtd3yuWGfo39JvS9KNaGOsSsOBnDljPvAe27y', 'BTECH', 'ECE', 14, 0),
(616403214, 'Chaitanya', 'Chaitanya19795@gmail.com', '8447671314', 2014, '$2a$08$TqHk4godBQ/ouxSrFtd3yuWGfo39JvS9KNaGOsSsOBnDljPvAe27y', 'BTECH', 'CSE', 19, 0),
(616403215, 'AYUSH GIRI', NULL, NULL, 2015, '$2a$08$TqHk4godBQ/ouxSrFtd3yuWGfo39JvS9KNaGOsSsOBnDljPvAe27y', 'BTECH', 'CSE', 5, 0),
(616412814, 'SUMAKAR K V S ', NULL, NULL, 2015, '$2a$08$TqHk4godBQ/ouxSrFtd3yuWGfo39JvS9KNaGOsSsOBnDljPvAe27y', 'BTECH', 'ECE', 16, 0),
(616412815, 'AYUSHI SINGH ', NULL, NULL, 2015, '$2a$08$TqHk4godBQ/ouxSrFtd3yuWGfo39JvS9KNaGOsSsOBnDljPvAe27y', 'BTECH', 'ECE', 14, 0),
(716403214, 'Satyam', 'satyamrai2606@gmail.com', '8285711479', 2014, '$2a$08$TqHk4godBQ/ouxSrFtd3yuWGfo39JvS9KNaGOsSsOBnDljPvAe27y', 'BTECH', 'CSE', 19, 0),
(716412814, 'PRANAV NAGPAL', NULL, NULL, 2015, '$2a$08$TqHk4godBQ/ouxSrFtd3yuWGfo39JvS9KNaGOsSsOBnDljPvAe27y', 'BTECH', 'ECE', 16, 0),
(716412815, 'BHUPESH KUMAR ', NULL, NULL, 2015, '$2a$08$TqHk4godBQ/ouxSrFtd3yuWGfo39JvS9KNaGOsSsOBnDljPvAe27y', 'BTECH', 'ECE', 14, 0),
(816401514, 'Shubham Juneja', NULL, NULL, 2014, '$2a$08$TqHk4godBQ/ouxSrFtd3yuWGfo39JvS9KNaGOsSsOBnDljPvAe27y', 'BTECH', 'IT', 9, 0),
(816403214, 'KARAN SOOD', 'ksood122333@gmail.com', '9971194873', 2014, '$2a$08$TqHk4godBQ/ouxSrFtd3yuWGfo39JvS9KNaGOsSsOBnDljPvAe27y', 'BTECH', 'CSE', 19, 0),
(816403215, 'DEEKSHA NAYAR', NULL, NULL, 2015, '$2a$08$TqHk4godBQ/ouxSrFtd3yuWGfo39JvS9KNaGOsSsOBnDljPvAe27y', 'BTECH', 'CSE', 5, 0),
(816412814, 'AMANPREET SINGH', NULL, NULL, 2015, '$2a$08$TqHk4godBQ/ouxSrFtd3yuWGfo39JvS9KNaGOsSsOBnDljPvAe27y', 'BTECH', 'ECE', 16, 0),
(816412815, 'DEEPAK KUMAR ', NULL, NULL, 2015, '$2a$08$TqHk4godBQ/ouxSrFtd3yuWGfo39JvS9KNaGOsSsOBnDljPvAe27y', 'BTECH', 'ECE', 14, 0),
(916401514, 'Mugdha Garg', NULL, NULL, 2014, '$2a$08$TqHk4godBQ/ouxSrFtd3yuWGfo39JvS9KNaGOsSsOBnDljPvAe27y', 'BTECH', 'IT', 9, 0),
(916412815, 'DEEPAK PRAKASH ', NULL, NULL, 2015, '$2a$08$TqHk4godBQ/ouxSrFtd3yuWGfo39JvS9KNaGOsSsOBnDljPvAe27y', 'BTECH', 'ECE', 14, 0),
(1016401514, 'Aseem Chopra', NULL, NULL, 2014, '$2a$08$TqHk4godBQ/ouxSrFtd3yuWGfo39JvS9KNaGOsSsOBnDljPvAe27y', 'BTECH', 'IT', 9, 0),
(1016403215, 'HANU GAUTAM ', NULL, NULL, 2015, '$2a$08$TqHk4godBQ/ouxSrFtd3yuWGfo39JvS9KNaGOsSsOBnDljPvAe27y', 'BTECH', 'CSE', 5, 0),
(1016412815, 'GAURAV DAGAR ', NULL, NULL, 2015, '$2a$08$TqHk4godBQ/ouxSrFtd3yuWGfo39JvS9KNaGOsSsOBnDljPvAe27y', 'BTECH', 'ECE', 14, 0),
(1116401514, 'Prafful Gupta', NULL, NULL, 2014, '$2a$08$TqHk4godBQ/ouxSrFtd3yuWGfo39JvS9KNaGOsSsOBnDljPvAe27y', 'BTECH', 'IT', 9, 0),
(1116403214, 'Vihang Sharma', 'vihang.sharma95@gmail.com', '8826661597', 2014, '$2a$08$TqHk4godBQ/ouxSrFtd3yuWGfo39JvS9KNaGOsSsOBnDljPvAe27y', 'BTECH', 'CSE', 19, 0),
(1116412814, 'ADARSH KUMAR SINGH', NULL, NULL, 2015, '$2a$08$TqHk4godBQ/ouxSrFtd3yuWGfo39JvS9KNaGOsSsOBnDljPvAe27y', 'BTECH', 'ECE', 16, 0),
(1116412815, 'GURPREET SING MARWAH ', NULL, NULL, 2015, '$2a$08$TqHk4godBQ/ouxSrFtd3yuWGfo39JvS9KNaGOsSsOBnDljPvAe27y', 'BTECH', 'ECE', 14, 0),
(1216401514, 'Shivangi Chauhan', NULL, NULL, 2014, '$2a$08$TqHk4godBQ/ouxSrFtd3yuWGfo39JvS9KNaGOsSsOBnDljPvAe27y', 'BTECH', 'IT', 9, 0),
(1216403214, 'Bazil ahmed', 'bazilahmedia@gmail.com', '8285988305', 2014, '$2a$08$TqHk4godBQ/ouxSrFtd3yuWGfo39JvS9KNaGOsSsOBnDljPvAe27y', 'BTECH', 'CSE', 19, 0),
(1216403215, 'HIMANSHU BHANDARI ', NULL, NULL, 2015, '$2a$08$TqHk4godBQ/ouxSrFtd3yuWGfo39JvS9KNaGOsSsOBnDljPvAe27y', 'BTECH', 'CSE', 5, 0),
(1216412815, 'HARSH KUMAR ', NULL, NULL, 2015, '$2a$08$TqHk4godBQ/ouxSrFtd3yuWGfo39JvS9KNaGOsSsOBnDljPvAe27y', 'BTECH', 'ECE', 14, 0),
(1316403214, 'Sourav Aggarwal', 'aggarwalsourav0210@gmail.com', '7838701947', 2014, '$2a$08$TqHk4godBQ/ouxSrFtd3yuWGfo39JvS9KNaGOsSsOBnDljPvAe27y', 'BTECH', 'CSE', 19, 0),
(1316412815, 'HARSHIT SINGH ', NULL, NULL, 2015, '$2a$08$TqHk4godBQ/ouxSrFtd3yuWGfo39JvS9KNaGOsSsOBnDljPvAe27y', 'BTECH', 'ECE', 14, 0),
(1416401514, 'Deepak Balhara', NULL, NULL, 2014, '$2a$08$TqHk4godBQ/ouxSrFtd3yuWGfo39JvS9KNaGOsSsOBnDljPvAe27y', 'BTECH', 'IT', 9, 0),
(1416403214, 'Gagandeep Nagpal', 'gagannagpal68@gmail.com', '8800489129', 2014, '$2a$08$TqHk4godBQ/ouxSrFtd3yuWGfo39JvS9KNaGOsSsOBnDljPvAe27y', 'BTECH', 'CSE', 19, 0),
(1416403215, 'MANTHAN', NULL, NULL, 2015, '$2a$08$TqHk4godBQ/ouxSrFtd3yuWGfo39JvS9KNaGOsSsOBnDljPvAe27y', 'BTECH', 'CSE', 5, 0),
(1416412814, 'HEMANT BANSAL', NULL, NULL, 2015, '$2a$08$TqHk4godBQ/ouxSrFtd3yuWGfo39JvS9KNaGOsSsOBnDljPvAe27y', 'BTECH', 'ECE', 16, 0),
(1416412815, 'HIMANSHU RAJPUT ', NULL, NULL, 2015, '$2a$08$TqHk4godBQ/ouxSrFtd3yuWGfo39JvS9KNaGOsSsOBnDljPvAe27y', 'BTECH', 'ECE', 14, 0),
(1516401514, 'Akash Garg', NULL, NULL, 2014, '$2a$08$TqHk4godBQ/ouxSrFtd3yuWGfo39JvS9KNaGOsSsOBnDljPvAe27y', 'BTECH', 'IT', 9, 0),
(1516403214, 'Surbhi pathak', 'Surbhipathak427@gmail.com', '9654828000', 2014, '$2a$08$TqHk4godBQ/ouxSrFtd3yuWGfo39JvS9KNaGOsSsOBnDljPvAe27y', 'BTECH', 'CSE', 19, 0),
(1516403215, 'MAYANK', NULL, NULL, 2015, '$2a$08$TqHk4godBQ/ouxSrFtd3yuWGfo39JvS9KNaGOsSsOBnDljPvAe27y', 'BTECH', 'CSE', 5, 0),
(1516412815, 'HIMANSHU RAJPUT ', NULL, NULL, 2015, '$2a$08$TqHk4godBQ/ouxSrFtd3yuWGfo39JvS9KNaGOsSsOBnDljPvAe27y', 'BTECH', 'ECE', 14, 0),
(1616401514, 'Akshat Vats', NULL, NULL, 2014, '$2a$08$TqHk4godBQ/ouxSrFtd3yuWGfo39JvS9KNaGOsSsOBnDljPvAe27y', 'BTECH', 'IT', 9, 0),
(1616403214, 'Anmol Khanna', 'anmolkhanna1996@yahoo.in', '9891104002 ', 2014, '$2a$08$TqHk4godBQ/ouxSrFtd3yuWGfo39JvS9KNaGOsSsOBnDljPvAe27y', 'BTECH', 'CSE', 19, 0),
(1616412814, 'VARUN PANTHRI', NULL, NULL, 2015, '$2a$08$TqHk4godBQ/ouxSrFtd3yuWGfo39JvS9KNaGOsSsOBnDljPvAe27y', 'BTECH', 'ECE', 16, 0),
(1616412815, 'HINDUJA PUDI ', NULL, NULL, 2015, '$2a$08$TqHk4godBQ/ouxSrFtd3yuWGfo39JvS9KNaGOsSsOBnDljPvAe27y', 'BTECH', 'ECE', 14, 0),
(1716401514, 'Shubham Jindal', NULL, NULL, 2014, '$2a$08$TqHk4godBQ/ouxSrFtd3yuWGfo39JvS9KNaGOsSsOBnDljPvAe27y', 'BTECH', 'IT', 9, 0),
(1716403214, 'Salil Khandelwal', 'salilkhandelwal@gmail.com', NULL, 2014, '$2a$08$TqHk4godBQ/ouxSrFtd3yuWGfo39JvS9KNaGOsSsOBnDljPvAe27y', 'BTECH', 'CSE', 19, 0),
(1716403215, 'PANKAJ KUMAR GAUTAM', NULL, NULL, 2015, '$2a$08$TqHk4godBQ/ouxSrFtd3yuWGfo39JvS9KNaGOsSsOBnDljPvAe27y', 'BTECH', 'CSE', 5, 0),
(1716412814, 'PRANAV GUPTA', NULL, NULL, 2015, '$2a$08$TqHk4godBQ/ouxSrFtd3yuWGfo39JvS9KNaGOsSsOBnDljPvAe27y', 'BTECH', 'ECE', 16, 0),
(1716412815, 'KANCHAN ', NULL, NULL, 2015, '$2a$08$TqHk4godBQ/ouxSrFtd3yuWGfo39JvS9KNaGOsSsOBnDljPvAe27y', 'BTECH', 'ECE', 14, 0),
(1816403214, 'Pranav Khurana', 'pranavkhurana96@gmail.com', '9654768080', 2014, '$2a$08$TqHk4godBQ/ouxSrFtd3yuWGfo39JvS9KNaGOsSsOBnDljPvAe27y', 'BTECH', 'CSE', 19, 0),
(1816403215, 'PARAS ', NULL, NULL, 2015, '$2a$08$TqHk4godBQ/ouxSrFtd3yuWGfo39JvS9KNaGOsSsOBnDljPvAe27y', 'BTECH', 'CSE', 5, 0),
(1816412815, 'KESHAV ', NULL, NULL, 2015, '$2a$08$TqHk4godBQ/ouxSrFtd3yuWGfo39JvS9KNaGOsSsOBnDljPvAe27y', 'BTECH', 'ECE', 14, 0),
(1916401514, 'Deepanshu Gupta', NULL, NULL, 2014, '$2a$08$TqHk4godBQ/ouxSrFtd3yuWGfo39JvS9KNaGOsSsOBnDljPvAe27y', 'BTECH', 'IT', 9, 0),
(1916403215, 'PIYUSH MEHENDIRATTA', NULL, NULL, 2015, '$2a$08$TqHk4godBQ/ouxSrFtd3yuWGfo39JvS9KNaGOsSsOBnDljPvAe27y', 'BTECH', 'CSE', 5, 0),
(1916412814, 'SIDHANT DALMIYA', NULL, NULL, 2015, '$2a$08$TqHk4godBQ/ouxSrFtd3yuWGfo39JvS9KNaGOsSsOBnDljPvAe27y', 'BTECH', 'ECE', 16, 0),
(1916412815, 'MAYANK BHATT ', NULL, NULL, 2015, '$2a$08$TqHk4godBQ/ouxSrFtd3yuWGfo39JvS9KNaGOsSsOBnDljPvAe27y', 'BTECH', 'ECE', 14, 0),
(2016401514, 'Prayansh Srivastava', NULL, NULL, 2014, '$2a$08$TqHk4godBQ/ouxSrFtd3yuWGfo39JvS9KNaGOsSsOBnDljPvAe27y', 'BTECH', 'IT', 9, 0),
(2016403214, 'Varun Sharma', 'varun199539@gmail.com', '9953056043', 2014, '$2a$08$TqHk4godBQ/ouxSrFtd3yuWGfo39JvS9KNaGOsSsOBnDljPvAe27y', 'BTECH', 'CSE', 19, 0),
(2016403215, 'PRABBUDH SINGH ', NULL, NULL, 2015, '$2a$08$TqHk4godBQ/ouxSrFtd3yuWGfo39JvS9KNaGOsSsOBnDljPvAe27y', 'BTECH', 'CSE', 5, 0),
(2016412814, 'GARIMA', NULL, NULL, 2015, '$2a$08$TqHk4godBQ/ouxSrFtd3yuWGfo39JvS9KNaGOsSsOBnDljPvAe27y', 'BTECH', 'ECE', 16, 0),
(2016412815, 'MAYANK SHARMA ', NULL, NULL, 2015, '$2a$08$TqHk4godBQ/ouxSrFtd3yuWGfo39JvS9KNaGOsSsOBnDljPvAe27y', 'BTECH', 'ECE', 14, 0),
(2116403215, 'PRANSHU MITTAL', NULL, NULL, 2015, '$2a$08$TqHk4godBQ/ouxSrFtd3yuWGfo39JvS9KNaGOsSsOBnDljPvAe27y', 'BTECH', 'CSE', 5, 0),
(2116412815, 'NIKHIL GUPTA ', NULL, NULL, 2015, '$2a$08$TqHk4godBQ/ouxSrFtd3yuWGfo39JvS9KNaGOsSsOBnDljPvAe27y', 'BTECH', 'ECE', 14, 0),
(2216403215, 'PRATHAM JOSHI', NULL, NULL, 2015, '$2a$08$TqHk4godBQ/ouxSrFtd3yuWGfo39JvS9KNaGOsSsOBnDljPvAe27y', 'BTECH', 'CSE', 5, 0),
(2216412815, 'PRANAY MISHRA ', NULL, NULL, 2015, '$2a$08$TqHk4godBQ/ouxSrFtd3yuWGfo39JvS9KNaGOsSsOBnDljPvAe27y', 'BTECH', 'ECE', 14, 0),
(2316401514, 'Chirag Arora', NULL, NULL, 2014, '$2a$08$TqHk4godBQ/ouxSrFtd3yuWGfo39JvS9KNaGOsSsOBnDljPvAe27y', 'BTECH', 'IT', 9, 0),
(2316403214, 'keshav aggarwal', 'aggarwalkeshav38@gmail.com', '8527569689', 2014, '$2a$08$TqHk4godBQ/ouxSrFtd3yuWGfo39JvS9KNaGOsSsOBnDljPvAe27y', 'BTECH', 'CSE', 19, 0),
(2316403215, 'RAHUL DEV', NULL, NULL, 2015, '$2a$08$TqHk4godBQ/ouxSrFtd3yuWGfo39JvS9KNaGOsSsOBnDljPvAe27y', 'BTECH', 'CSE', 5, 0),
(2316412814, 'SHUBHAM AGARWAL', NULL, NULL, 2015, '$2a$08$TqHk4godBQ/ouxSrFtd3yuWGfo39JvS9KNaGOsSsOBnDljPvAe27y', 'BTECH', 'ECE', 16, 0),
(2316412815, 'RAVI SHARMA ', NULL, NULL, 2015, '$2a$08$TqHk4godBQ/ouxSrFtd3yuWGfo39JvS9KNaGOsSsOBnDljPvAe27y', 'BTECH', 'ECE', 14, 0),
(2416401514, 'Amit Sharma', NULL, NULL, 2014, '$2a$08$TqHk4godBQ/ouxSrFtd3yuWGfo39JvS9KNaGOsSsOBnDljPvAe27y', 'BTECH', 'IT', 9, 0),
(2416403215, 'RATN ROHAN', NULL, NULL, 2015, '$2a$08$TqHk4godBQ/ouxSrFtd3yuWGfo39JvS9KNaGOsSsOBnDljPvAe27y', 'BTECH', 'CSE', 5, 0),
(2416412814, 'SAURABH PHAWA', NULL, NULL, 2015, '$2a$08$TqHk4godBQ/ouxSrFtd3yuWGfo39JvS9KNaGOsSsOBnDljPvAe27y', 'BTECH', 'ECE', 16, 0),
(2416412815, 'RISHABH SINGH ', NULL, NULL, 2015, '$2a$08$TqHk4godBQ/ouxSrFtd3yuWGfo39JvS9KNaGOsSsOBnDljPvAe27y', 'BTECH', 'ECE', 14, 0),
(2516412815, 'RITIK NEGI ', NULL, NULL, 2015, '$2a$08$TqHk4godBQ/ouxSrFtd3yuWGfo39JvS9KNaGOsSsOBnDljPvAe27y', 'BTECH', 'ECE', 14, 0),
(2616403215, 'RITVIK ARORA', NULL, NULL, 2015, '$2a$08$TqHk4godBQ/ouxSrFtd3yuWGfo39JvS9KNaGOsSsOBnDljPvAe27y', 'BTECH', 'CSE', 5, 0),
(2616412814, 'ABHISHEK SINGH', NULL, NULL, 2015, '$2a$08$TqHk4godBQ/ouxSrFtd3yuWGfo39JvS9KNaGOsSsOBnDljPvAe27y', 'BTECH', 'ECE', 16, 0),
(2616412815, 'RITWIK RUDRA ', NULL, NULL, 2015, '$2a$08$TqHk4godBQ/ouxSrFtd3yuWGfo39JvS9KNaGOsSsOBnDljPvAe27y', 'BTECH', 'ECE', 14, 0),
(2716401514, 'Vibhor Verma', NULL, NULL, 2014, '$2a$08$TqHk4godBQ/ouxSrFtd3yuWGfo39JvS9KNaGOsSsOBnDljPvAe27y', 'BTECH', 'IT', 9, 0),
(2716403214, 'Amit Singh Negi', 'amitnegi0195@gmail.com', '9958762163', 2014, '$2a$08$TqHk4godBQ/ouxSrFtd3yuWGfo39JvS9KNaGOsSsOBnDljPvAe27y', 'BTECH', 'CSE', 19, 0),
(2716412814, 'ANKIT KAUSHIK', NULL, NULL, 2015, '$2a$08$TqHk4godBQ/ouxSrFtd3yuWGfo39JvS9KNaGOsSsOBnDljPvAe27y', 'BTECH', 'ECE', 16, 0),
(2716412815, 'SACHIN BHATI ', NULL, NULL, 2015, '$2a$08$TqHk4godBQ/ouxSrFtd3yuWGfo39JvS9KNaGOsSsOBnDljPvAe27y', 'BTECH', 'ECE', 14, 0),
(2816401514, 'Guneet Singh', NULL, NULL, 2014, '$2a$08$TqHk4godBQ/ouxSrFtd3yuWGfo39JvS9KNaGOsSsOBnDljPvAe27y', 'BTECH', 'IT', 9, 0),
(2816403215, 'SAJEEV MAHAJAN ', NULL, NULL, 2015, '$2a$08$TqHk4godBQ/ouxSrFtd3yuWGfo39JvS9KNaGOsSsOBnDljPvAe27y', 'BTECH', 'CSE', 5, 0),
(2816412814, 'ANIRUDH RAY', NULL, NULL, 2015, '$2a$08$TqHk4godBQ/ouxSrFtd3yuWGfo39JvS9KNaGOsSsOBnDljPvAe27y', 'BTECH', 'ECE', 16, 0),
(2816412815, 'SANCHIT PANWAR ', NULL, NULL, 2015, '$2a$08$TqHk4godBQ/ouxSrFtd3yuWGfo39JvS9KNaGOsSsOBnDljPvAe27y', 'BTECH', 'ECE', 14, 0),
(2916403214, 'Mayank Bhandari', 'mbmbmayank19@gmail.com', '8882445141', 2014, '$2a$08$TqHk4godBQ/ouxSrFtd3yuWGfo39JvS9KNaGOsSsOBnDljPvAe27y', 'BTECH', 'CSE', 19, 0),
(2916403215, 'SANDESH ', NULL, NULL, 2015, '$2a$08$TqHk4godBQ/ouxSrFtd3yuWGfo39JvS9KNaGOsSsOBnDljPvAe27y', 'BTECH', 'CSE', 5, 0),
(2916412814, 'DIVYANSH GARG', NULL, NULL, 2015, '$2a$08$TqHk4godBQ/ouxSrFtd3yuWGfo39JvS9KNaGOsSsOBnDljPvAe27y', 'BTECH', 'ECE', 16, 0),
(2916412815, 'SANJAY KUMAR MEENA ', NULL, NULL, 2015, '$2a$08$TqHk4godBQ/ouxSrFtd3yuWGfo39JvS9KNaGOsSsOBnDljPvAe27y', 'BTECH', 'ECE', 14, 0),
(3016401514, 'Pratulya Bubna', NULL, NULL, 2014, '$2a$08$TqHk4godBQ/ouxSrFtd3yuWGfo39JvS9KNaGOsSsOBnDljPvAe27y', 'BTECH', 'IT', 9, 0),
(3016403214, 'Mayank Singh', 'mayanksingh.461996@gmail.com', '7042044700', 2014, '$2a$08$TqHk4godBQ/ouxSrFtd3yuWGfo39JvS9KNaGOsSsOBnDljPvAe27y', 'BTECH', 'CSE', 19, 0),
(3016403215, 'SAQUIB SIDDIQUE', NULL, NULL, 2015, '$2a$08$TqHk4godBQ/ouxSrFtd3yuWGfo39JvS9KNaGOsSsOBnDljPvAe27y', 'BTECH', 'CSE', 5, 0),
(3016412815, 'SARTHAK KUMAR ', NULL, NULL, 2015, '$2a$08$TqHk4godBQ/ouxSrFtd3yuWGfo39JvS9KNaGOsSsOBnDljPvAe27y', 'BTECH', 'ECE', 14, 0),
(3116403214, 'aakash bhardwaj', 'top.aakash123@gmail.com', '9582688373', 2014, '$2a$08$TqHk4godBQ/ouxSrFtd3yuWGfo39JvS9KNaGOsSsOBnDljPvAe27y', 'BTECH', 'CSE', 19, 0),
(3116412814, 'PARTH TREHAN', NULL, NULL, 2015, '$2a$08$TqHk4godBQ/ouxSrFtd3yuWGfo39JvS9KNaGOsSsOBnDljPvAe27y', 'BTECH', 'ECE', 16, 0),
(3116412815, 'SATYARTH VIMAL ', NULL, NULL, 2015, '$2a$08$TqHk4godBQ/ouxSrFtd3yuWGfo39JvS9KNaGOsSsOBnDljPvAe27y', 'BTECH', 'ECE', 14, 0),
(3216401514, 'Rajneesh Sharma', NULL, NULL, 2014, '$2a$08$TqHk4godBQ/ouxSrFtd3yuWGfo39JvS9KNaGOsSsOBnDljPvAe27y', 'BTECH', 'IT', 9, 0),
(3216403214, 'suraj kumar', 'surajkumar246@gmail.com', '9013155212', 2014, '$2a$08$TqHk4godBQ/ouxSrFtd3yuWGfo39JvS9KNaGOsSsOBnDljPvAe27y', 'BTECH', 'CSE', 19, 0),
(3216412814, 'SANNA NAZIR', NULL, NULL, 2015, '$2a$08$TqHk4godBQ/ouxSrFtd3yuWGfo39JvS9KNaGOsSsOBnDljPvAe27y', 'BTECH', 'ECE', 16, 0),
(3216412815, 'SHIVAM AGGARWAL ', NULL, NULL, 2015, '$2a$08$TqHk4godBQ/ouxSrFtd3yuWGfo39JvS9KNaGOsSsOBnDljPvAe27y', 'BTECH', 'ECE', 14, 0),
(3316401514, 'Shivam Sharma', NULL, NULL, 2014, '$2a$08$TqHk4godBQ/ouxSrFtd3yuWGfo39JvS9KNaGOsSsOBnDljPvAe27y', 'BTECH', 'IT', 9, 0),
(3316403214, 'Mansee aggarwal', 'aggarwalmanseee777@gmail.com', '9717456048', 2014, '$2a$08$TqHk4godBQ/ouxSrFtd3yuWGfo39JvS9KNaGOsSsOBnDljPvAe27y', 'BTECH', 'CSE', 19, 0),
(3316412815, 'SHREYA GUPTA ', NULL, NULL, 2015, '$2a$08$TqHk4godBQ/ouxSrFtd3yuWGfo39JvS9KNaGOsSsOBnDljPvAe27y', 'BTECH', 'ECE', 14, 0),
(3416401514, 'Manmohan Singh', NULL, NULL, 2014, '$2a$08$TqHk4godBQ/ouxSrFtd3yuWGfo39JvS9KNaGOsSsOBnDljPvAe27y', 'BTECH', 'IT', 9, 0),
(3416412814, 'VISHAL KUMAR', NULL, NULL, 2015, '$2a$08$TqHk4godBQ/ouxSrFtd3yuWGfo39JvS9KNaGOsSsOBnDljPvAe27y', 'BTECH', 'ECE', 16, 0),
(3416412815, 'SHUBHAM GUPTA ', NULL, NULL, 2015, '$2a$08$TqHk4godBQ/ouxSrFtd3yuWGfo39JvS9KNaGOsSsOBnDljPvAe27y', 'BTECH', 'ECE', 14, 0),
(3516401514, 'Sarthak Manchanda', NULL, NULL, 2014, '$2a$08$TqHk4godBQ/ouxSrFtd3yuWGfo39JvS9KNaGOsSsOBnDljPvAe27y', 'BTECH', 'IT', 9, 0),
(3516403214, 'Aakash yadav', 'aakash141997@gmail.com', '8130610491', 2014, '$2a$08$TqHk4godBQ/ouxSrFtd3yuWGfo39JvS9KNaGOsSsOBnDljPvAe27y', 'BTECH', 'CSE', 19, 0),
(3516412814, 'KUMAR UTKARSH', NULL, NULL, 2015, '$2a$08$TqHk4godBQ/ouxSrFtd3yuWGfo39JvS9KNaGOsSsOBnDljPvAe27y', 'BTECH', 'ECE', 16, 0),
(3516412815, 'SHUBHAM SINGH KHATI ', NULL, NULL, 2015, '$2a$08$TqHk4godBQ/ouxSrFtd3yuWGfo39JvS9KNaGOsSsOBnDljPvAe27y', 'BTECH', 'ECE', 14, 0),
(3616403214, 'Hrithik Dhawan ', 'hrithikdhawan@gmail.com', '8800511944', 2014, '$2a$08$TqHk4godBQ/ouxSrFtd3yuWGfo39JvS9KNaGOsSsOBnDljPvAe27y', 'BTECH', 'CSE', 19, 0),
(3616403215, 'SURAJ KUMAR ', NULL, NULL, 2015, '$2a$08$TqHk4godBQ/ouxSrFtd3yuWGfo39JvS9KNaGOsSsOBnDljPvAe27y', 'BTECH', 'CSE', 5, 0),
(3616412814, 'ANKIT GUPTA', NULL, NULL, 2015, '$2a$08$TqHk4godBQ/ouxSrFtd3yuWGfo39JvS9KNaGOsSsOBnDljPvAe27y', 'BTECH', 'ECE', 16, 0),
(3616412815, 'SUKANT VATS ', NULL, NULL, 2015, '$2a$08$TqHk4godBQ/ouxSrFtd3yuWGfo39JvS9KNaGOsSsOBnDljPvAe27y', 'BTECH', 'ECE', 14, 0),
(3716412814, 'ARJUN CHAUDHARY', NULL, NULL, 2015, '$2a$08$TqHk4godBQ/ouxSrFtd3yuWGfo39JvS9KNaGOsSsOBnDljPvAe27y', 'BTECH', 'ECE', 16, 0),
(3716412815, 'TANMAY MALHOTRA ', NULL, NULL, 2015, '$2a$08$TqHk4godBQ/ouxSrFtd3yuWGfo39JvS9KNaGOsSsOBnDljPvAe27y', 'BTECH', 'ECE', 14, 0),
(3816401514, 'Shubham Jain', NULL, NULL, 2014, '$2a$08$TqHk4godBQ/ouxSrFtd3yuWGfo39JvS9KNaGOsSsOBnDljPvAe27y', 'BTECH', 'IT', 9, 0),
(3816403214, 'Pushkar Mittal', 'mittal.pushkar@gmail.com', '9555289635', 2014, '$2a$08$TqHk4godBQ/ouxSrFtd3yuWGfo39JvS9KNaGOsSsOBnDljPvAe27y', 'BTECH', 'CSE', 19, 0),
(3816403215, 'VANSHAJ GIROTRA', NULL, NULL, 2015, '$2a$08$TqHk4godBQ/ouxSrFtd3yuWGfo39JvS9KNaGOsSsOBnDljPvAe27y', 'BTECH', 'CSE', 5, 0),
(3816412815, 'UJJWAL GUPTA ', NULL, NULL, 2015, '$2a$08$TqHk4godBQ/ouxSrFtd3yuWGfo39JvS9KNaGOsSsOBnDljPvAe27y', 'BTECH', 'ECE', 14, 0),
(3916401514, 'Abhijeet Singh', NULL, NULL, 2014, '$2a$08$TqHk4godBQ/ouxSrFtd3yuWGfo39JvS9KNaGOsSsOBnDljPvAe27y', 'BTECH', 'IT', 9, 0),
(3916403215, 'VASU MAAN', NULL, NULL, 2015, '$2a$08$TqHk4godBQ/ouxSrFtd3yuWGfo39JvS9KNaGOsSsOBnDljPvAe27y', 'BTECH', 'CSE', 5, 0),
(3916412814, 'RICHU', NULL, NULL, 2015, '$2a$08$TqHk4godBQ/ouxSrFtd3yuWGfo39JvS9KNaGOsSsOBnDljPvAe27y', 'BTECH', 'ECE', 16, 0),
(3916412815, 'VIJAY GARG ', NULL, NULL, 2015, '$2a$08$TqHk4godBQ/ouxSrFtd3yuWGfo39JvS9KNaGOsSsOBnDljPvAe27y', 'BTECH', 'ECE', 14, 0),
(4016403214, 'Devesh Tewari', 'xx.devesh.xx@gmail.com', '9717104667', 2014, '$2a$08$TqHk4godBQ/ouxSrFtd3yuWGfo39JvS9KNaGOsSsOBnDljPvAe27y', 'BTECH', 'CSE', 19, 0),
(4116401514, 'Vasu Jain', NULL, NULL, 2014, '$2a$08$TqHk4godBQ/ouxSrFtd3yuWGfo39JvS9KNaGOsSsOBnDljPvAe27y', 'BTECH', 'IT', 9, 0),
(4116403214, 'Bhanu walia', 'bhanu10496@gmail.com', '9873170736', 2014, '$2a$08$TqHk4godBQ/ouxSrFtd3yuWGfo39JvS9KNaGOsSsOBnDljPvAe27y', 'BTECH', 'CSE', 19, 0),
(4116412814, 'ANSHUL RANA', NULL, NULL, 2015, '$2a$08$TqHk4godBQ/ouxSrFtd3yuWGfo39JvS9KNaGOsSsOBnDljPvAe27y', 'BTECH', 'ECE', 16, 0),
(4116412815, 'MOHIT KAUSHIK', NULL, NULL, 2015, '$2a$08$TqHk4godBQ/ouxSrFtd3yuWGfo39JvS9KNaGOsSsOBnDljPvAe27y', 'BTECH', 'ECE', 14, 0),
(4216401514, 'Ravi Ranjan', NULL, NULL, 2014, '$2a$08$TqHk4godBQ/ouxSrFtd3yuWGfo39JvS9KNaGOsSsOBnDljPvAe27y', 'BTECH', 'IT', 9, 0),
(4216412814, 'ARUNAV DUTTA', NULL, NULL, 2015, '$2a$08$TqHk4godBQ/ouxSrFtd3yuWGfo39JvS9KNaGOsSsOBnDljPvAe27y', 'BTECH', 'ECE', 16, 0),
(4316401514, 'Rajiv Kumar Jha', NULL, NULL, 2014, '$2a$08$TqHk4godBQ/ouxSrFtd3yuWGfo39JvS9KNaGOsSsOBnDljPvAe27y', 'BTECH', 'IT', 9, 0),
(4316403214, 'Gaurav Kumar', 'gauravtanwar03@gmail.com', '9990487763', 2014, '$2a$08$TqHk4godBQ/ouxSrFtd3yuWGfo39JvS9KNaGOsSsOBnDljPvAe27y', 'BTECH', 'CSE', 19, 0),
(4316412814, 'JATIN KUMAR', NULL, NULL, 2015, '$2a$08$TqHk4godBQ/ouxSrFtd3yuWGfo39JvS9KNaGOsSsOBnDljPvAe27y', 'BTECH', 'ECE', 16, 0),
(4416401514, 'Sebin Duke Stephen', NULL, NULL, 2014, '$2a$08$TqHk4godBQ/ouxSrFtd3yuWGfo39JvS9KNaGOsSsOBnDljPvAe27y', 'BTECH', 'IT', 9, 0),
(4416412814, 'HARINDER SINGH CHOUHAN', NULL, NULL, 2015, '$2a$08$TqHk4godBQ/ouxSrFtd3yuWGfo39JvS9KNaGOsSsOBnDljPvAe27y', 'BTECH', 'ECE', 16, 0),
(4516412814, 'NITESH CHUADHARY', NULL, NULL, 2015, '$2a$08$TqHk4godBQ/ouxSrFtd3yuWGfo39JvS9KNaGOsSsOBnDljPvAe27y', 'BTECH', 'ECE', 16, 0),
(4616401514, 'Divesh Bisht', NULL, NULL, 2014, '$2a$08$TqHk4godBQ/ouxSrFtd3yuWGfo39JvS9KNaGOsSsOBnDljPvAe27y', 'BTECH', 'IT', 9, 0),
(4616403214, 'Akhil Prasannan', 'akhilprasannan.misc@gmail.com', '8447729290', 2014, '$2a$08$TqHk4godBQ/ouxSrFtd3yuWGfo39JvS9KNaGOsSsOBnDljPvAe27y', 'BTECH', 'CSE', 19, 0),
(4616412814, 'AVILASH MOHANTY', NULL, NULL, 2015, '$2a$08$TqHk4godBQ/ouxSrFtd3yuWGfo39JvS9KNaGOsSsOBnDljPvAe27y', 'BTECH', 'ECE', 16, 0),
(4716401514, 'Gaurav Mann', NULL, NULL, 2014, '$2a$08$TqHk4godBQ/ouxSrFtd3yuWGfo39JvS9KNaGOsSsOBnDljPvAe27y', 'BTECH', 'IT', 9, 0),
(4716403214, 'Jatin Aswal', 'jatin.aswal@rediffmail.com', '8586072887', 2014, '$2a$08$TqHk4godBQ/ouxSrFtd3yuWGfo39JvS9KNaGOsSsOBnDljPvAe27y', 'BTECH', 'CSE', 19, 0),
(4716412814, 'MANISH KUMAR YADAV', NULL, NULL, 2015, '$2a$08$TqHk4godBQ/ouxSrFtd3yuWGfo39JvS9KNaGOsSsOBnDljPvAe27y', 'BTECH', 'ECE', 16, 0),
(4816401514, 'Mahesh Gahlot', NULL, NULL, 2014, '$2a$08$TqHk4godBQ/ouxSrFtd3yuWGfo39JvS9KNaGOsSsOBnDljPvAe27y', 'BTECH', 'IT', 9, 0),
(4816403214, 'Vikas Soni', 'vikassonibest22@gmail.com', NULL, 2014, '$2a$08$TqHk4godBQ/ouxSrFtd3yuWGfo39JvS9KNaGOsSsOBnDljPvAe27y', 'BTECH', 'CSE', 19, 0),
(4816412814, 'SAURABHA SIDDHARTH WANKHEDE', NULL, NULL, 2015, '$2a$08$TqHk4godBQ/ouxSrFtd3yuWGfo39JvS9KNaGOsSsOBnDljPvAe27y', 'BTECH', 'ECE', 16, 0),
(4916401514, 'Prashant Jaiswal', NULL, NULL, 2014, '$2a$08$TqHk4godBQ/ouxSrFtd3yuWGfo39JvS9KNaGOsSsOBnDljPvAe27y', 'BTECH', 'IT', 9, 0),
(4916403214, 'Mohd Shadab ', 'shadab.saifi007@gmail.com', '8744969633', 2014, '$2a$08$TqHk4godBQ/ouxSrFtd3yuWGfo39JvS9KNaGOsSsOBnDljPvAe27y', 'BTECH', 'CSE', 19, 0),
(4916412814, 'UDIT RANA', NULL, NULL, 2015, '$2a$08$TqHk4godBQ/ouxSrFtd3yuWGfo39JvS9KNaGOsSsOBnDljPvAe27y', 'BTECH', 'ECE', 16, 0),
(5016401514, 'Md. Naiyar', NULL, NULL, 2014, '$2a$08$TqHk4godBQ/ouxSrFtd3yuWGfo39JvS9KNaGOsSsOBnDljPvAe27y', 'BTECH', 'IT', 9, 0),
(5016403214, 'himanshu kumar', 'kumarhimanshu901@gmail.com', '7827285662', 2014, '$2a$08$TqHk4godBQ/ouxSrFtd3yuWGfo39JvS9KNaGOsSsOBnDljPvAe27y', 'BTECH', 'CSE', 19, 0),
(5016412814, 'SAURAV MANN', NULL, NULL, 2015, '$2a$08$TqHk4godBQ/ouxSrFtd3yuWGfo39JvS9KNaGOsSsOBnDljPvAe27y', 'BTECH', 'ECE', 16, 0),
(5116401514, 'Ekta Sharma', NULL, NULL, 2014, '$2a$08$TqHk4godBQ/ouxSrFtd3yuWGfo39JvS9KNaGOsSsOBnDljPvAe27y', 'BTECH', 'IT', 9, 0),
(5116403214, 'Prince Dhiman', 'princed000@gmail.com', '9911484907', 2014, '$2a$08$TqHk4godBQ/ouxSrFtd3yuWGfo39JvS9KNaGOsSsOBnDljPvAe27y', 'BTECH', 'CSE', 19, 0),
(5116412814, 'RAGHAV KUMAR', NULL, NULL, 2015, '$2a$08$TqHk4godBQ/ouxSrFtd3yuWGfo39JvS9KNaGOsSsOBnDljPvAe27y', 'BTECH', 'ECE', 16, 0),
(5216401514, 'Sarthak Rohilla', NULL, NULL, 2014, '$2a$08$TqHk4godBQ/ouxSrFtd3yuWGfo39JvS9KNaGOsSsOBnDljPvAe27y', 'BTECH', 'IT', 9, 0),
(5216403214, 'sujit kumar', 'sujeet.sharma2395@gmail.com', '9971879231', 2014, '$2a$08$TqHk4godBQ/ouxSrFtd3yuWGfo39JvS9KNaGOsSsOBnDljPvAe27y', 'BTECH', 'CSE', 19, 0),
(5216412814, 'ABHISHEK KUMAR SINGH', NULL, NULL, 2015, '$2a$08$TqHk4godBQ/ouxSrFtd3yuWGfo39JvS9KNaGOsSsOBnDljPvAe27y', 'BTECH', 'ECE', 16, 0),
(5316401514, 'Akash Verma', NULL, NULL, 2014, '$2a$08$TqHk4godBQ/ouxSrFtd3yuWGfo39JvS9KNaGOsSsOBnDljPvAe27y', 'BTECH', 'IT', 9, 0),
(5316403214, 'Suhail Riyaz', 'suh24ailriyaz@gmail.com', '9654061081', 2014, '$2a$08$TqHk4godBQ/ouxSrFtd3yuWGfo39JvS9KNaGOsSsOBnDljPvAe27y', 'BTECH', 'CSE', 19, 0),
(5316412814, 'KAVINDER YADAV', NULL, NULL, 2015, '$2a$08$TqHk4godBQ/ouxSrFtd3yuWGfo39JvS9KNaGOsSsOBnDljPvAe27y', 'BTECH', 'ECE', 16, 0),
(5416401514, 'Rishabh Sharma', NULL, NULL, 2014, '$2a$08$TqHk4godBQ/ouxSrFtd3yuWGfo39JvS9KNaGOsSsOBnDljPvAe27y', 'BTECH', 'IT', 9, 0),
(5416403214, 'AMIT YADAV', 'amitiscool4u@gmail.com', '9871891337', 2014, '$2a$08$TqHk4godBQ/ouxSrFtd3yuWGfo39JvS9KNaGOsSsOBnDljPvAe27y', 'BTECH', 'CSE', 19, 0),
(5416412814, 'R S SANJANA', NULL, NULL, 2015, '$2a$08$TqHk4godBQ/ouxSrFtd3yuWGfo39JvS9KNaGOsSsOBnDljPvAe27y', 'BTECH', 'ECE', 16, 0),
(5516401514, 'Anu Sharma', NULL, NULL, 2014, '$2a$08$TqHk4godBQ/ouxSrFtd3yuWGfo39JvS9KNaGOsSsOBnDljPvAe27y', 'BTECH', 'IT', 9, 0),
(5516403214, 'Aman Solanki', 'amysolanki08@gmail.com', NULL, 2014, '$2a$08$TqHk4godBQ/ouxSrFtd3yuWGfo39JvS9KNaGOsSsOBnDljPvAe27y', 'BTECH', 'CSE', 19, 0),
(5516412814, 'ABHIMANYU KUMAR', NULL, NULL, 2015, '$2a$08$TqHk4godBQ/ouxSrFtd3yuWGfo39JvS9KNaGOsSsOBnDljPvAe27y', 'BTECH', 'ECE', 16, 0),
(5616403214, 'Bhunesh Singh ', 'bhunesh34@gmail.com', '9971796246', 2013, '$2a$08$TqHk4godBQ/ouxSrFtd3yuWGfo39JvS9KNaGOsSsOBnDljPvAe27y', 'BTECH', 'CSE', 19, 0),
(5616412814, 'MOHAMMAD RAIYAN', NULL, NULL, 2015, '$2a$08$TqHk4godBQ/ouxSrFtd3yuWGfo39JvS9KNaGOsSsOBnDljPvAe27y', 'BTECH', 'ECE', 16, 0),
(5716401514, 'Gaurav Baisoya', NULL, NULL, 2014, '$2a$08$TqHk4godBQ/ouxSrFtd3yuWGfo39JvS9KNaGOsSsOBnDljPvAe27y', 'BTECH', 'IT', 9, 0),
(5716403214, 'Rakshit solanki', 'rac1909@gmail.com', '+918826512355', 2014, '$2a$08$TqHk4godBQ/ouxSrFtd3yuWGfo39JvS9KNaGOsSsOBnDljPvAe27y', 'BTECH', 'CSE', 19, 0),
(5716412814, 'KAPIL KUMAR', NULL, NULL, 2015, '$2a$08$TqHk4godBQ/ouxSrFtd3yuWGfo39JvS9KNaGOsSsOBnDljPvAe27y', 'BTECH', 'ECE', 16, 0),
(5816401514, 'Jatin Verma', NULL, NULL, 2014, '$2a$08$TqHk4godBQ/ouxSrFtd3yuWGfo39JvS9KNaGOsSsOBnDljPvAe27y', 'BTECH', 'IT', 9, 0),
(5816412814, 'BHARAT DAGAR', NULL, NULL, 2015, '$2a$08$TqHk4godBQ/ouxSrFtd3yuWGfo39JvS9KNaGOsSsOBnDljPvAe27y', 'BTECH', 'ECE', 16, 0),
(5916401514, 'Sawan Jangra', NULL, NULL, 2014, '$2a$08$TqHk4godBQ/ouxSrFtd3yuWGfo39JvS9KNaGOsSsOBnDljPvAe27y', 'BTECH', 'IT', 9, 0),
(5916403214, 'Mohit Yadav', 'yadavmohit0001@gmail.com', '8285721438', 2014, '$2a$08$TqHk4godBQ/ouxSrFtd3yuWGfo39JvS9KNaGOsSsOBnDljPvAe27y', 'BTECH', 'CSE', 19, 0),
(5916412814, 'ROSHAN KUMAR ', NULL, NULL, 2015, '$2a$08$TqHk4godBQ/ouxSrFtd3yuWGfo39JvS9KNaGOsSsOBnDljPvAe27y', 'BTECH', 'ECE', 14, 0),
(6016401514, 'Sagar Rooprai', NULL, NULL, 2014, '$2a$08$TqHk4godBQ/ouxSrFtd3yuWGfo39JvS9KNaGOsSsOBnDljPvAe27y', 'BTECH', 'IT', 9, 0),
(6016403214, 'Anurag Kumar', 'anuragk240@gmail.com', '9910770607', 2014, '$2a$08$TqHk4godBQ/ouxSrFtd3yuWGfo39JvS9KNaGOsSsOBnDljPvAe27y', 'BTECH', 'CSE', 19, 0),
(6016412814, 'ASHWANI', NULL, NULL, 2015, '$2a$08$TqHk4godBQ/ouxSrFtd3yuWGfo39JvS9KNaGOsSsOBnDljPvAe27y', 'BTECH', 'ECE', 16, 0),
(6031640325, 'Deepanshu Malhotra', NULL, NULL, 2015, '$2a$08$TqHk4godBQ/ouxSrFtd3yuWGfo39JvS9KNaGOsSsOBnDljPvAe27y', 'BTECH', 'CSE', 5, 0),
(6116401514, 'Prashant Kumar Singh', NULL, NULL, 2014, '$2a$08$TqHk4godBQ/ouxSrFtd3yuWGfo39JvS9KNaGOsSsOBnDljPvAe27y', 'BTECH', 'IT', 9, 0),
(6116412814, 'KARAMVEER', NULL, NULL, 2015, '$2a$08$TqHk4godBQ/ouxSrFtd3yuWGfo39JvS9KNaGOsSsOBnDljPvAe27y', 'BTECH', 'ECE', 16, 0),
(6216401514, 'Rajat Kumar', NULL, NULL, 2014, '$2a$08$TqHk4godBQ/ouxSrFtd3yuWGfo39JvS9KNaGOsSsOBnDljPvAe27y', 'BTECH', 'IT', 9, 0),
(6216403214, 'Parul kumar', 'prlkumar96@gmail.com', '8527978358', 2014, '$2a$08$TqHk4godBQ/ouxSrFtd3yuWGfo39JvS9KNaGOsSsOBnDljPvAe27y', 'BTECH', 'CSE', 19, 0),
(6216412814, 'PRASHANT SINGH', NULL, NULL, 2015, '$2a$08$TqHk4godBQ/ouxSrFtd3yuWGfo39JvS9KNaGOsSsOBnDljPvAe27y', 'BTECH', 'ECE', 16, 0),
(6316401514, 'Prashant', NULL, NULL, 2014, '$2a$08$TqHk4godBQ/ouxSrFtd3yuWGfo39JvS9KNaGOsSsOBnDljPvAe27y', 'BTECH', 'IT', 9, 0),
(6316403214, 'Annie Marandi', 'annie.13anki@gmail.com', '8860058205', 2014, '$2a$08$TqHk4godBQ/ouxSrFtd3yuWGfo39JvS9KNaGOsSsOBnDljPvAe27y', 'BTECH', 'CSE', 19, 0),
(6316412814, 'MOHNISH', NULL, NULL, 2015, '$2a$08$TqHk4godBQ/ouxSrFtd3yuWGfo39JvS9KNaGOsSsOBnDljPvAe27y', 'BTECH', 'ECE', 16, 0),
(6416403214, 'Ashish', 'ashishraj615@gmail.com', '8285587254', 2014, '$2a$08$TqHk4godBQ/ouxSrFtd3yuWGfo39JvS9KNaGOsSsOBnDljPvAe27y', 'BTECH', 'CSE', 19, 0),
(6416412814, 'MAYANK SINGH', NULL, NULL, 2015, '$2a$08$TqHk4godBQ/ouxSrFtd3yuWGfo39JvS9KNaGOsSsOBnDljPvAe27y', 'BTECH', 'ECE', 16, 0),
(6516401514, 'Sanjay Singh', NULL, NULL, 2014, '$2a$08$TqHk4godBQ/ouxSrFtd3yuWGfo39JvS9KNaGOsSsOBnDljPvAe27y', 'BTECH', 'IT', 9, 0),
(6516403214, 'Surender Kumar', 'surender7790@gmail.com', '9718305549', 2014, '$2a$08$TqHk4godBQ/ouxSrFtd3yuWGfo39JvS9KNaGOsSsOBnDljPvAe27y', 'BTECH', 'CSE', 19, 0),
(6516412814, 'JAI PRAKASH', NULL, NULL, 2015, '$2a$08$TqHk4godBQ/ouxSrFtd3yuWGfo39JvS9KNaGOsSsOBnDljPvAe27y', 'BTECH', 'ECE', 16, 0),
(6616412814, 'SAURAV SINGH RANA', NULL, NULL, 2015, '$2a$08$TqHk4godBQ/ouxSrFtd3yuWGfo39JvS9KNaGOsSsOBnDljPvAe27y', 'BTECH', 'ECE', 16, 0),
(6716401514, 'Vasudha Rajora', NULL, NULL, 2014, '$2a$08$TqHk4godBQ/ouxSrFtd3yuWGfo39JvS9KNaGOsSsOBnDljPvAe27y', 'BTECH', 'IT', 9, 0),
(6716403214, 'VARUN KUMAR', 'varun96505@gmail.com', '9650580338', 2014, '$2a$08$TqHk4godBQ/ouxSrFtd3yuWGfo39JvS9KNaGOsSsOBnDljPvAe27y', 'BTECH', 'CSE', 19, 0),
(6716412814, 'ANSHUL', NULL, NULL, 2015, '$2a$08$TqHk4godBQ/ouxSrFtd3yuWGfo39JvS9KNaGOsSsOBnDljPvAe27y', 'BTECH', 'ECE', 16, 0),
(6816403214, 'Nitish panwar', 'nitishrock26@gmail.com', '9718162077', 2014, '$2a$08$TqHk4godBQ/ouxSrFtd3yuWGfo39JvS9KNaGOsSsOBnDljPvAe27y', 'BTECH', 'CSE', 19, 0),
(6816412814, 'MAHESH', NULL, NULL, 2015, '$2a$08$TqHk4godBQ/ouxSrFtd3yuWGfo39JvS9KNaGOsSsOBnDljPvAe27y', 'BTECH', 'ECE', 16, 0),
(6916401514, 'Deepanshu Chambok', NULL, NULL, 2014, '$2a$08$TqHk4godBQ/ouxSrFtd3yuWGfo39JvS9KNaGOsSsOBnDljPvAe27y', 'BTECH', 'IT', 9, 0),
(6916403214, 'Bhagyashree', 'shreebhagya3110@gmail.com', '8800650639', 2014, '$2a$08$TqHk4godBQ/ouxSrFtd3yuWGfo39JvS9KNaGOsSsOBnDljPvAe27y', 'BTECH', 'CSE', 19, 0),
(6916412814, 'AKASH PALKA', NULL, NULL, 2015, '$2a$08$TqHk4godBQ/ouxSrFtd3yuWGfo39JvS9KNaGOsSsOBnDljPvAe27y', 'BTECH', 'ECE', 16, 0),
(7016401514, 'Mohit Sandhu', NULL, NULL, 2014, '$2a$08$TqHk4godBQ/ouxSrFtd3yuWGfo39JvS9KNaGOsSsOBnDljPvAe27y', 'BTECH', 'IT', 9, 0),
(7016403214, 'Sunedh Hedaoo', 'hdemus.hedaoo@gmail.com', '9868462059', 2014, '$2a$08$TqHk4godBQ/ouxSrFtd3yuWGfo39JvS9KNaGOsSsOBnDljPvAe27y', 'BTECH', 'CSE', 19, 0),
(7116401514, 'Sandeep Tanwar', NULL, NULL, 2014, '$2a$08$TqHk4godBQ/ouxSrFtd3yuWGfo39JvS9KNaGOsSsOBnDljPvAe27y', 'BTECH', 'IT', 9, 0),
(7116403214, 'Kirtika', 'kirtika.chahar@gmail.com', '9953050175', 2014, '$2a$08$TqHk4godBQ/ouxSrFtd3yuWGfo39JvS9KNaGOsSsOBnDljPvAe27y', 'BTECH', 'CSE', 19, 0),
(7116412814, 'NITIN', NULL, NULL, 2015, '$2a$08$TqHk4godBQ/ouxSrFtd3yuWGfo39JvS9KNaGOsSsOBnDljPvAe27y', 'BTECH', 'ECE', 16, 0),
(7216401514, 'Sumit Singwal', NULL, NULL, 2014, '$2a$08$TqHk4godBQ/ouxSrFtd3yuWGfo39JvS9KNaGOsSsOBnDljPvAe27y', 'BTECH', 'IT', 9, 0),
(7216403213, 'MANEBAYE MARK', 'jamesrobert340@gmail.com', '9711450997', 2013, '$2a$08$TqHk4godBQ/ouxSrFtd3yuWGfo39JvS9KNaGOsSsOBnDljPvAe27y', 'BTECH', 'CSE', 19, 0),
(7216403214, 'Sanidhya Wakdikar', 'sanidhya12@gmail.com', '9555057048', 2014, '$2a$08$TqHk4godBQ/ouxSrFtd3yuWGfo39JvS9KNaGOsSsOBnDljPvAe27y', 'BTECH', 'CSE', 19, 0),
(7216412814, 'DASARI SINDHU', NULL, NULL, 2015, '$2a$08$TqHk4godBQ/ouxSrFtd3yuWGfo39JvS9KNaGOsSsOBnDljPvAe27y', 'BTECH', 'ECE', 16, 0),
(7316401514, 'Sulabh Jain', NULL, NULL, 2014, '$2a$08$TqHk4godBQ/ouxSrFtd3yuWGfo39JvS9KNaGOsSsOBnDljPvAe27y', 'BTECH', 'IT', 9, 0),
(7316403214, 'Sumit Kumar', 'realsumitkumar@gmail.com', '9650739442', 2014, '$2a$08$TqHk4godBQ/ouxSrFtd3yuWGfo39JvS9KNaGOsSsOBnDljPvAe27y', 'BTECH', 'CSE', 19, 0),
(7316412814, 'VIVEK KUMAR', NULL, NULL, 2015, '$2a$08$TqHk4godBQ/ouxSrFtd3yuWGfo39JvS9KNaGOsSsOBnDljPvAe27y', 'BTECH', 'ECE', 16, 0),
(7416401514, 'Abhishek Kumar Meena', NULL, NULL, 2014, '$2a$08$TqHk4godBQ/ouxSrFtd3yuWGfo39JvS9KNaGOsSsOBnDljPvAe27y', 'BTECH', 'IT', 9, 0),
(7416403214, 'Arshad Nasir', 'nasirarshad0208@gmail.com', '7503809974', 2014, '$2a$08$TqHk4godBQ/ouxSrFtd3yuWGfo39JvS9KNaGOsSsOBnDljPvAe27y', 'BTECH', 'CSE', 19, 0),
(7416412814, 'Sohil Solanki', NULL, NULL, 2015, '$2a$08$TqHk4godBQ/ouxSrFtd3yuWGfo39JvS9KNaGOsSsOBnDljPvAe27y', 'BTECH', 'ECE', 16, 0),
(7516401514, 'Kushagra Bansal', NULL, NULL, 2014, '$2a$08$TqHk4godBQ/ouxSrFtd3yuWGfo39JvS9KNaGOsSsOBnDljPvAe27y', 'BTECH', 'IT', 9, 0),
(7516412814, 'SHUBHAM Bansal', NULL, NULL, 2015, '$2a$08$TqHk4godBQ/ouxSrFtd3yuWGfo39JvS9KNaGOsSsOBnDljPvAe27y', 'BTECH', 'ECE', 16, 0),
(7616412814, 'Shubham Srivastava', NULL, NULL, 2015, '$2a$08$TqHk4godBQ/ouxSrFtd3yuWGfo39JvS9KNaGOsSsOBnDljPvAe27y', 'BTECH', 'ECE', 16, 0),
(7716401514, 'Aishwarya Gambhir', NULL, NULL, 2014, '$2a$08$TqHk4godBQ/ouxSrFtd3yuWGfo39JvS9KNaGOsSsOBnDljPvAe27y', 'BTECH', 'IT', 9, 0),
(7716403214, 'JATIN RAJANI', 'jatinraj15@gmail.com', '9871748867', 2014, '$2a$08$TqHk4godBQ/ouxSrFtd3yuWGfo39JvS9KNaGOsSsOBnDljPvAe27y', 'BTECH', 'CSE', 19, 0),
(7716412814, 'Sparsh Gupta', NULL, NULL, 2015, '$2a$08$TqHk4godBQ/ouxSrFtd3yuWGfo39JvS9KNaGOsSsOBnDljPvAe27y', 'BTECH', 'ECE', 16, 0),
(7816401514, 'Mohit Nagpal', NULL, NULL, 2014, '$2a$08$TqHk4godBQ/ouxSrFtd3yuWGfo39JvS9KNaGOsSsOBnDljPvAe27y', 'BTECH', 'IT', 9, 0),
(7816403214, 'Mayank Tyagi', 'mayaanktyagi@gmail.com', ' 91-9718287727', 2014, '$2a$08$TqHk4godBQ/ouxSrFtd3yuWGfo39JvS9KNaGOsSsOBnDljPvAe27y', 'BTECH', 'CSE', 19, 0),
(7816412814, 'Shubham', NULL, NULL, 2015, '$2a$08$TqHk4godBQ/ouxSrFtd3yuWGfo39JvS9KNaGOsSsOBnDljPvAe27y', 'BTECH', 'ECE', 16, 0),
(7916401514, 'Sudhir Prasad', NULL, NULL, 2014, '$2a$08$TqHk4godBQ/ouxSrFtd3yuWGfo39JvS9KNaGOsSsOBnDljPvAe27y', 'BTECH', 'IT', 9, 0),
(7916403214, 'Madhur Bansal', 'bansal.madhur17@gmail.com', '9811556687', 2014, '$2a$08$TqHk4godBQ/ouxSrFtd3yuWGfo39JvS9KNaGOsSsOBnDljPvAe27y', 'BTECH', 'CSE', 19, 0),
(7916412814, 'Tanya Jayant', NULL, NULL, 2015, '$2a$08$TqHk4godBQ/ouxSrFtd3yuWGfo39JvS9KNaGOsSsOBnDljPvAe27y', 'BTECH', 'ECE', 16, 0),
(8016401514, 'Bhavya Garg', NULL, NULL, 2014, '$2a$08$TqHk4godBQ/ouxSrFtd3yuWGfo39JvS9KNaGOsSsOBnDljPvAe27y', 'BTECH', 'IT', 9, 0),
(8016403214, 'Sukirti Arora ', 'sukirtiarora1996@gmail.com', '7053427752 ', 2014, '$2a$08$TqHk4godBQ/ouxSrFtd3yuWGfo39JvS9KNaGOsSsOBnDljPvAe27y', 'BTECH', 'CSE', 19, 0),
(8016412814, 'Mohit Sehgal', NULL, NULL, 2015, '$2a$08$TqHk4godBQ/ouxSrFtd3yuWGfo39JvS9KNaGOsSsOBnDljPvAe27y', 'BTECH', 'ECE', 16, 0),
(8116403214, 'Sarthak goel', 'Sarthakgoel1995@gmail.com ', '8527108534', 2014, '$2a$08$TqHk4godBQ/ouxSrFtd3yuWGfo39JvS9KNaGOsSsOBnDljPvAe27y', 'BTECH', 'CSE', 19, 0),
(8116412814, 'Sabitra Rudra', NULL, NULL, 2015, '$2a$08$TqHk4godBQ/ouxSrFtd3yuWGfo39JvS9KNaGOsSsOBnDljPvAe27y', 'BTECH', 'ECE', 16, 0),
(8216403214, 'Sameer kumar', 'sameer27995@gmail.com', '9015408972', 2014, '$2a$08$TqHk4godBQ/ouxSrFtd3yuWGfo39JvS9KNaGOsSsOBnDljPvAe27y', 'BTECH', 'CSE', 19, 0),
(8216412814, 'Mridul Gupta', NULL, NULL, 2015, '$2a$08$TqHk4godBQ/ouxSrFtd3yuWGfo39JvS9KNaGOsSsOBnDljPvAe27y', 'BTECH', 'ECE', 16, 0),
(8316401514, 'Simran Sarin', NULL, NULL, 2014, '$2a$08$TqHk4godBQ/ouxSrFtd3yuWGfo39JvS9KNaGOsSsOBnDljPvAe27y', 'BTECH', 'IT', 9, 0),
(8316403214, 'Rahul sharma', 'rahulrock0082@gmail.com', '7840816145', 2014, '$2a$08$TqHk4godBQ/ouxSrFtd3yuWGfo39JvS9KNaGOsSsOBnDljPvAe27y', 'BTECH', 'CSE', 19, 0),
(8316412814, 'Varun Malhotra', NULL, NULL, 2015, '$2a$08$TqHk4godBQ/ouxSrFtd3yuWGfo39JvS9KNaGOsSsOBnDljPvAe27y', 'BTECH', 'ECE', 16, 0),
(8416403214, 'Hemang S Kumar', 'hemangsk@gmail.com', '9718368484', 2014, '$2a$08$TqHk4godBQ/ouxSrFtd3yuWGfo39JvS9KNaGOsSsOBnDljPvAe27y', 'BTECH', 'CSE', 19, 0),
(8416412814, 'Somya Chauhan', NULL, NULL, 2015, '$2a$08$TqHk4godBQ/ouxSrFtd3yuWGfo39JvS9KNaGOsSsOBnDljPvAe27y', 'BTECH', 'ECE', 16, 0),
(8516401514, 'Rishabh Narang', NULL, NULL, 2014, '$2a$08$TqHk4godBQ/ouxSrFtd3yuWGfo39JvS9KNaGOsSsOBnDljPvAe27y', 'BTECH', 'IT', 9, 0),
(8516403214, 'arpan kushwaha', 'knightwatchmayday@gmail.com', '9968828315', 2014, '$2a$08$TqHk4godBQ/ouxSrFtd3yuWGfo39JvS9KNaGOsSsOBnDljPvAe27y', 'BTECH', 'CSE', 19, 0),
(8516412814, 'Tanya Mmenhani', NULL, NULL, 2015, '$2a$08$TqHk4godBQ/ouxSrFtd3yuWGfo39JvS9KNaGOsSsOBnDljPvAe27y', 'BTECH', 'ECE', 16, 0),
(8616401514, 'Shivani Bhutani', NULL, NULL, 2014, '$2a$08$TqHk4godBQ/ouxSrFtd3yuWGfo39JvS9KNaGOsSsOBnDljPvAe27y', 'BTECH', 'IT', 9, 0),
(8616403214, 'Akarsh Choudhary', NULL, '8586895856', 2014, '$2a$08$TqHk4godBQ/ouxSrFtd3yuWGfo39JvS9KNaGOsSsOBnDljPvAe27y', 'BTECH', 'CSE', 19, 0),
(8616412814, 'Sudhir Sharma', NULL, NULL, 2015, '$2a$08$TqHk4godBQ/ouxSrFtd3yuWGfo39JvS9KNaGOsSsOBnDljPvAe27y', 'BTECH', 'ECE', 16, 0),
(8716401514, 'Hemant Kumar', NULL, NULL, 2014, '$2a$08$TqHk4godBQ/ouxSrFtd3yuWGfo39JvS9KNaGOsSsOBnDljPvAe27y', 'BTECH', 'IT', 9, 0),
(9516401514, 'Pranav Handoo', NULL, NULL, 2014, '$2a$08$TqHk4godBQ/ouxSrFtd3yuWGfo39JvS9KNaGOsSsOBnDljPvAe27y', 'BTECH', 'IT', 9, 0),
(10116402315, 'Rajat Maheshwari', NULL, NULL, 2015, '$2a$08$TqHk4godBQ/ouxSrFtd3yuWGfo39JvS9KNaGOsSsOBnDljPvAe27y', 'BTECH', 'CSE', 5, 0),
(10216402315, 'Abhishek Malik ', NULL, NULL, 2015, '$2a$08$TqHk4godBQ/ouxSrFtd3yuWGfo39JvS9KNaGOsSsOBnDljPvAe27y', 'BTECH', 'CSE', 5, 0),
(10316402315, 'Divyansh', NULL, NULL, 2015, '$2a$08$TqHk4godBQ/ouxSrFtd3yuWGfo39JvS9KNaGOsSsOBnDljPvAe27y', 'BTECH', 'CSE', 5, 0),
(40016403214, 'Sachin Chaudhury', 'sachinchaudhury@gmail.com', '7042422162', 2014, '$2a$08$TqHk4godBQ/ouxSrFtd3yuWGfo39JvS9KNaGOsSsOBnDljPvAe27y', 'BTECH', 'CSE', 19, 0),
(40116401514, 'Manish Kumar', NULL, NULL, 2014, '$2a$08$TqHk4godBQ/ouxSrFtd3yuWGfo39JvS9KNaGOsSsOBnDljPvAe27y', 'BTECH', 'IT', 9, 0),
(40116403214, 'Tashi Paljor', 'tashi.paljor@ymail.com ', '8447853488', 2014, '$2a$08$TqHk4godBQ/ouxSrFtd3yuWGfo39JvS9KNaGOsSsOBnDljPvAe27y', 'BTECH', 'CSE', 19, 0),
(40116403215, 'PARAS', NULL, NULL, 2015, '$2a$08$TqHk4godBQ/ouxSrFtd3yuWGfo39JvS9KNaGOsSsOBnDljPvAe27y', 'BTECH', 'CSE', 5, 0),
(40116412815, 'PRANJAL RAJAN ', NULL, NULL, 2015, '$2a$08$TqHk4godBQ/ouxSrFtd3yuWGfo39JvS9KNaGOsSsOBnDljPvAe27y', 'BTECH', 'ECE', 14, 0),
(40216403215, 'DHAWAL BABAR ', NULL, NULL, 2015, '$2a$08$TqHk4godBQ/ouxSrFtd3yuWGfo39JvS9KNaGOsSsOBnDljPvAe27y', 'BTECH', 'CSE', 5, 0),
(40216412815, 'ABHISHEK MALIK', NULL, NULL, 2015, '$2a$08$TqHk4godBQ/ouxSrFtd3yuWGfo39JvS9KNaGOsSsOBnDljPvAe27y', 'BTECH', 'ECE', 14, 0),
(40316403214, 'Ankit', 'ankitrajpal@hotmail.com', '8373961209', 2014, '$2a$08$TqHk4godBQ/ouxSrFtd3yuWGfo39JvS9KNaGOsSsOBnDljPvAe27y', 'BTECH', 'CSE', 19, 0),
(40316403215, 'SUNNY PARIHAR ', NULL, NULL, 2015, '$2a$08$TqHk4godBQ/ouxSrFtd3yuWGfo39JvS9KNaGOsSsOBnDljPvAe27y', 'BTECH', 'CSE', 5, 0),
(40316412815, 'VISHAL GAUD', NULL, NULL, 2015, '$2a$08$TqHk4godBQ/ouxSrFtd3yuWGfo39JvS9KNaGOsSsOBnDljPvAe27y', 'BTECH', 'ECE', 14, 0),
(40416403214, 'Karishma', NULL, NULL, 2014, '$2a$08$TqHk4godBQ/ouxSrFtd3yuWGfo39JvS9KNaGOsSsOBnDljPvAe27y', 'BTECH', 'CSE', 19, 0),
(40416412815, 'SHUBHAM KUMAR ', NULL, NULL, 2015, '$2a$08$TqHk4godBQ/ouxSrFtd3yuWGfo39JvS9KNaGOsSsOBnDljPvAe27y', 'BTECH', 'ECE', 14, 0),
(40516403214, 'sneha ghimire', 'snehaghimire12@yahoo.com', '9717432406', 2014, '$2a$08$TqHk4godBQ/ouxSrFtd3yuWGfo39JvS9KNaGOsSsOBnDljPvAe27y', 'BTECH', 'CSE', 19, 0),
(40516403215, 'UTKARSH GARG ', NULL, NULL, 2015, '$2a$08$TqHk4godBQ/ouxSrFtd3yuWGfo39JvS9KNaGOsSsOBnDljPvAe27y', 'BTECH', 'CSE', 5, 0),
(40516412815, 'SHUBHAM BHARDWAJ', NULL, NULL, 2015, '$2a$08$TqHk4godBQ/ouxSrFtd3yuWGfo39JvS9KNaGOsSsOBnDljPvAe27y', 'BTECH', 'ECE', 14, 0),
(40616403214, 'Sherap Gyaltsen', 'sheraprabgyal@yahoo.com', '9958865893', 2014, '$2a$08$TqHk4godBQ/ouxSrFtd3yuWGfo39JvS9KNaGOsSsOBnDljPvAe27y', 'BTECH', 'CSE', 19, 0),
(40616412815, 'KRITARTH SHARMA', NULL, NULL, 2015, '$2a$08$TqHk4godBQ/ouxSrFtd3yuWGfo39JvS9KNaGOsSsOBnDljPvAe27y', 'BTECH', 'ECE', 14, 0),
(40716403214, 'Shourya', NULL, NULL, 2014, '$2a$08$TqHk4godBQ/ouxSrFtd3yuWGfo39JvS9KNaGOsSsOBnDljPvAe27y', 'BTECH', 'CSE', 19, 0),
(40716403215, 'KUMAR ANKIT ', NULL, NULL, 2015, '$2a$08$TqHk4godBQ/ouxSrFtd3yuWGfo39JvS9KNaGOsSsOBnDljPvAe27y', 'BTECH', 'CSE', 5, 0),
(40716412815, 'ARJUN SINGLA', NULL, NULL, 2015, '$2a$08$TqHk4godBQ/ouxSrFtd3yuWGfo39JvS9KNaGOsSsOBnDljPvAe27y', 'BTECH', 'ECE', 14, 0),
(40816403214, 'Akash Kumar', 'akashkumar4503@gmail.com', '9717865383', 2014, '$2a$08$TqHk4godBQ/ouxSrFtd3yuWGfo39JvS9KNaGOsSsOBnDljPvAe27y', 'BTECH', 'CSE', 19, 0),
(40816403215, 'PRABHANSHU GUPTA', 'guptaprabhanshu1@gmail.com', '9999999999', 2015, '$2a$08$TqHk4godBQ/ouxSrFtd3yuWGfo39JvS9KNaGOsSsOBnDljPvAe27y', 'BTECH', 'CSE', 5, 0),
(40816412815, 'ADITYA GUPTA ', NULL, NULL, 2015, '$2a$08$TqHk4godBQ/ouxSrFtd3yuWGfo39JvS9KNaGOsSsOBnDljPvAe27y', 'BTECH', 'ECE', 14, 0),
(40916403215, 'NEIL TYAGI', NULL, NULL, 2015, '$2a$08$TqHk4godBQ/ouxSrFtd3yuWGfo39JvS9KNaGOsSsOBnDljPvAe27y', 'BTECH', 'CSE', 5, 0),
(40916412815, 'PRAKASH KUMAR ', NULL, NULL, 2015, '$2a$08$TqHk4godBQ/ouxSrFtd3yuWGfo39JvS9KNaGOsSsOBnDljPvAe27y', 'BTECH', 'ECE', 14, 0),
(41016403215, 'VIKRAM SINGH PANWAR ', NULL, NULL, 2015, '$2a$08$TqHk4godBQ/ouxSrFtd3yuWGfo39JvS9KNaGOsSsOBnDljPvAe27y', 'BTECH', 'CSE', 5, 0),
(41016412815, 'ARJUN KALIA ', NULL, NULL, 2015, '$2a$08$TqHk4godBQ/ouxSrFtd3yuWGfo39JvS9KNaGOsSsOBnDljPvAe27y', 'BTECH', 'ECE', 14, 0),
(41116412815, 'SOMYA SAHAY', NULL, NULL, 2015, '$2a$08$TqHk4godBQ/ouxSrFtd3yuWGfo39JvS9KNaGOsSsOBnDljPvAe27y', 'BTECH', 'ECE', 14, 0),
(41216403215, 'RITKA KADIAN', NULL, NULL, 2015, '$2a$08$TqHk4godBQ/ouxSrFtd3yuWGfo39JvS9KNaGOsSsOBnDljPvAe27y', 'BTECH', 'CSE', 5, 0),
(41216412815, 'SOUMAY GUTPA ', NULL, NULL, 2015, '$2a$08$TqHk4godBQ/ouxSrFtd3yuWGfo39JvS9KNaGOsSsOBnDljPvAe27y', 'BTECH', 'ECE', 14, 0),
(41316403215, 'SUBHHAM PRAKASH ', NULL, NULL, 2015, '$2a$08$TqHk4godBQ/ouxSrFtd3yuWGfo39JvS9KNaGOsSsOBnDljPvAe27y', 'BTECH', 'CSE', 5, 0),
(41316412815, 'SUBHAM', NULL, NULL, 2015, '$2a$08$TqHk4godBQ/ouxSrFtd3yuWGfo39JvS9KNaGOsSsOBnDljPvAe27y', 'BTECH', 'ECE', 14, 0),
(41416403215, 'VAIBHAV GUPTA', NULL, NULL, 2015, '$2a$08$TqHk4godBQ/ouxSrFtd3yuWGfo39JvS9KNaGOsSsOBnDljPvAe27y', 'BTECH', 'CSE', 5, 0),
(41416412815, 'UDIT GERA', NULL, NULL, 2015, '$2a$08$TqHk4godBQ/ouxSrFtd3yuWGfo39JvS9KNaGOsSsOBnDljPvAe27y', 'BTECH', 'ECE', 14, 0),
(41516403215, 'NAVEEN YADAV', NULL, NULL, 2015, '$2a$08$TqHk4godBQ/ouxSrFtd3yuWGfo39JvS9KNaGOsSsOBnDljPvAe27y', 'BTECH', 'CSE', 5, 0),
(41516412815, 'SAHIL KHAN ', NULL, NULL, 2015, '$2a$08$TqHk4godBQ/ouxSrFtd3yuWGfo39JvS9KNaGOsSsOBnDljPvAe27y', 'BTECH', 'ECE', 14, 0),
(41616403215, 'RAVI KUMAR RANJAN ', NULL, NULL, 2015, '$2a$08$TqHk4godBQ/ouxSrFtd3yuWGfo39JvS9KNaGOsSsOBnDljPvAe27y', 'BTECH', 'CSE', 5, 0),
(41616412815, 'BHAVESH PAL', NULL, NULL, 2015, '$2a$08$TqHk4godBQ/ouxSrFtd3yuWGfo39JvS9KNaGOsSsOBnDljPvAe27y', 'BTECH', 'ECE', 14, 0),
(41716403215, 'AKASH KUMAR ', NULL, NULL, 2015, '$2a$08$TqHk4godBQ/ouxSrFtd3yuWGfo39JvS9KNaGOsSsOBnDljPvAe27y', 'BTECH', 'CSE', 5, 0),
(41716412815, 'MAMTA LUTHRA ', NULL, NULL, 2015, '$2a$08$TqHk4godBQ/ouxSrFtd3yuWGfo39JvS9KNaGOsSsOBnDljPvAe27y', 'BTECH', 'ECE', 14, 0),
(41816403215, 'SUBHAM VERMA ', NULL, NULL, 2015, '$2a$08$TqHk4godBQ/ouxSrFtd3yuWGfo39JvS9KNaGOsSsOBnDljPvAe27y', 'BTECH', 'CSE', 5, 0),
(41816412815, 'JATIN CHOUDHARY ', NULL, NULL, 2015, '$2a$08$TqHk4godBQ/ouxSrFtd3yuWGfo39JvS9KNaGOsSsOBnDljPvAe27y', 'BTECH', 'ECE', 14, 0),
(41916403215, 'DINESH KUMAR ', NULL, NULL, 2015, '$2a$08$TqHk4godBQ/ouxSrFtd3yuWGfo39JvS9KNaGOsSsOBnDljPvAe27y', 'BTECH', 'CSE', 5, 0),
(41916412815, 'RISHABH KUMAR ', NULL, NULL, 2015, '$2a$08$TqHk4godBQ/ouxSrFtd3yuWGfo39JvS9KNaGOsSsOBnDljPvAe27y', 'BTECH', 'ECE', 14, 0),
(42016403215, 'PRASHANT SINGH ', NULL, NULL, 2015, '$2a$08$TqHk4godBQ/ouxSrFtd3yuWGfo39JvS9KNaGOsSsOBnDljPvAe27y', 'BTECH', 'CSE', 5, 0),
(42016412815, 'AADITYA ARYA ', NULL, NULL, 2015, '$2a$08$TqHk4godBQ/ouxSrFtd3yuWGfo39JvS9KNaGOsSsOBnDljPvAe27y', 'BTECH', 'ECE', 14, 0),
(42116403215, 'MANJEET KUMAR ', NULL, NULL, 2015, '$2a$08$TqHk4godBQ/ouxSrFtd3yuWGfo39JvS9KNaGOsSsOBnDljPvAe27y', 'BTECH', 'CSE', 5, 0),
(42116412815, 'AAKASH TIKOO', NULL, NULL, 2015, '$2a$08$TqHk4godBQ/ouxSrFtd3yuWGfo39JvS9KNaGOsSsOBnDljPvAe27y', 'BTECH', 'ECE', 14, 0),
(60016401514, 'Harsh Pathak', NULL, NULL, 2014, '$2a$08$TqHk4godBQ/ouxSrFtd3yuWGfo39JvS9KNaGOsSsOBnDljPvAe27y', 'BTECH', 'IT', 9, 0),
(60016403214, 'Saurabh Pahwa', 'saurabhphw@gmail.com', '9711820714', 2014, '$2a$08$TqHk4godBQ/ouxSrFtd3yuWGfo39JvS9KNaGOsSsOBnDljPvAe27y', 'BTECH', 'CSE', 19, 0),
(60016412814, 'Anusha Goel ', NULL, NULL, 2015, '$2a$08$TqHk4godBQ/ouxSrFtd3yuWGfo39JvS9KNaGOsSsOBnDljPvAe27y', 'BTECH', 'ECE', 16, 0),
(60016412815, 'APPAR PARASHAR ', NULL, NULL, 2015, '$2a$08$TqHk4godBQ/ouxSrFtd3yuWGfo39JvS9KNaGOsSsOBnDljPvAe27y', 'BTECH', 'ECE', 14, 0),
(60116401514, 'Prachi Garg', NULL, NULL, 2014, '$2a$08$TqHk4godBQ/ouxSrFtd3yuWGfo39JvS9KNaGOsSsOBnDljPvAe27y', 'BTECH', 'IT', 9, 0),
(60116403214, 'Garima', 'garima007rajput@gmail.com', '7042830672', 2014, '$2a$08$TqHk4godBQ/ouxSrFtd3yuWGfo39JvS9KNaGOsSsOBnDljPvAe27y', 'BTECH', 'CSE', 19, 0),
(60116403215, 'Pranav Malik', NULL, NULL, 2015, '$2a$08$TqHk4godBQ/ouxSrFtd3yuWGfo39JvS9KNaGOsSsOBnDljPvAe27y', 'BTECH', 'CSE', 5, 0),
(60116412814, 'Soumya Pandey ', NULL, NULL, 2015, '$2a$08$TqHk4godBQ/ouxSrFtd3yuWGfo39JvS9KNaGOsSsOBnDljPvAe27y', 'BTECH', 'ECE', 16, 0),
(60116412815, 'ABHISHEK KUMAR BHARDWAJ ', NULL, NULL, 2015, '$2a$08$TqHk4godBQ/ouxSrFtd3yuWGfo39JvS9KNaGOsSsOBnDljPvAe27y', 'BTECH', 'ECE', 14, 0),
(60216401514, 'Manan Narula', NULL, NULL, 2014, '$2a$08$TqHk4godBQ/ouxSrFtd3yuWGfo39JvS9KNaGOsSsOBnDljPvAe27y', 'BTECH', 'IT', 9, 0),
(60216403214, 'neelansh garg', 'neelansh5@gmail.com', '8860430933', 2014, '$2a$08$TqHk4godBQ/ouxSrFtd3yuWGfo39JvS9KNaGOsSsOBnDljPvAe27y', 'BTECH', 'CSE', 19, 0),
(60216403215, 'Manish Yadav', NULL, NULL, 2015, '$2a$08$TqHk4godBQ/ouxSrFtd3yuWGfo39JvS9KNaGOsSsOBnDljPvAe27y', 'BTECH', 'CSE', 5, 0),
(60216412814, 'Priyanka Mittal ', NULL, NULL, 2015, '$2a$08$TqHk4godBQ/ouxSrFtd3yuWGfo39JvS9KNaGOsSsOBnDljPvAe27y', 'BTECH', 'ECE', 16, 0),
(60216412815, 'ANHAD PANDIT ', NULL, NULL, 2015, '$2a$08$TqHk4godBQ/ouxSrFtd3yuWGfo39JvS9KNaGOsSsOBnDljPvAe27y', 'BTECH', 'ECE', 14, 0),
(60316401514, 'Bhawna Kukreja', NULL, NULL, 2014, '$2a$08$TqHk4godBQ/ouxSrFtd3yuWGfo39JvS9KNaGOsSsOBnDljPvAe27y', 'BTECH', 'IT', 9, 0),
(60316403214, 'Arjun Upmanyu', 'arjun.upmanyu@gmail.com', '8860224623', 2014, '$2a$08$TqHk4godBQ/ouxSrFtd3yuWGfo39JvS9KNaGOsSsOBnDljPvAe27y', 'BTECH', 'CSE', 19, 0),
(60316412814, 'Anupriya Dangi', NULL, NULL, 2015, '$2a$08$TqHk4godBQ/ouxSrFtd3yuWGfo39JvS9KNaGOsSsOBnDljPvAe27y', 'BTECH', 'ECE', 16, 0),
(60316412815, 'DAKSH PALIWAL ', NULL, NULL, 2015, '$2a$08$TqHk4godBQ/ouxSrFtd3yuWGfo39JvS9KNaGOsSsOBnDljPvAe27y', 'BTECH', 'ECE', 14, 0),
(60416403215, 'Naman Chhabra', NULL, NULL, 2015, '$2a$08$TqHk4godBQ/ouxSrFtd3yuWGfo39JvS9KNaGOsSsOBnDljPvAe27y', 'BTECH', 'CSE', 5, 0),
(60416412814, 'Suraj Jain ', NULL, NULL, 2015, '$2a$08$TqHk4godBQ/ouxSrFtd3yuWGfo39JvS9KNaGOsSsOBnDljPvAe27y', 'BTECH', 'ECE', 16, 0),
(60416412815, 'NILESH KUMAR ', NULL, NULL, 2015, '$2a$08$TqHk4godBQ/ouxSrFtd3yuWGfo39JvS9KNaGOsSsOBnDljPvAe27y', 'BTECH', 'ECE', 14, 0),
(60516412814, 'Shweta Sharma ', NULL, NULL, 2015, '$2a$08$TqHk4godBQ/ouxSrFtd3yuWGfo39JvS9KNaGOsSsOBnDljPvAe27y', 'BTECH', 'ECE', 16, 0),
(70116403215, 'RAJEEV RANJAN', NULL, NULL, 2015, '$2a$08$TqHk4godBQ/ouxSrFtd3yuWGfo39JvS9KNaGOsSsOBnDljPvAe27y', 'BTECH', 'CSE', 5, 0),
(70116412811, 'NIRAJAN JHA', NULL, NULL, 2015, '$2a$08$TqHk4godBQ/ouxSrFtd3yuWGfo39JvS9KNaGOsSsOBnDljPvAe27y', 'BTECH', 'ECE', 14, 0),
(70216403215, 'VIKAS ', NULL, NULL, 2015, '$2a$08$TqHk4godBQ/ouxSrFtd3yuWGfo39JvS9KNaGOsSsOBnDljPvAe27y', 'BTECH', 'CSE', 5, 0),
(70316403215, 'TENZIN DAKAR ', NULL, NULL, 2015, '$2a$08$TqHk4godBQ/ouxSrFtd3yuWGfo39JvS9KNaGOsSsOBnDljPvAe27y', 'BTECH', 'CSE', 5, 0),
(70416403215, 'NAGWAY DAPKA', NULL, NULL, 2015, '$2a$08$TqHk4godBQ/ouxSrFtd3yuWGfo39JvS9KNaGOsSsOBnDljPvAe27y', 'BTECH', 'CSE', 5, 0),
(70616403215, 'THUPTEN LAKSHAY', NULL, NULL, 2015, '$2a$08$TqHk4godBQ/ouxSrFtd3yuWGfo39JvS9KNaGOsSsOBnDljPvAe27y', 'BTECH', 'CSE', 5, 0),
(70716403215, 'LYKA KINRA', NULL, NULL, 2015, '$2a$08$TqHk4godBQ/ouxSrFtd3yuWGfo39JvS9KNaGOsSsOBnDljPvAe27y', 'BTECH', 'CSE', 5, 0),
(70816403215, 'SWETA', NULL, NULL, 2015, '$2a$08$TqHk4godBQ/ouxSrFtd3yuWGfo39JvS9KNaGOsSsOBnDljPvAe27y', 'BTECH', 'CSE', 5, 0),
(70916403215, 'TASHI TSERANG', NULL, NULL, 2015, '$2a$08$TqHk4godBQ/ouxSrFtd3yuWGfo39JvS9KNaGOsSsOBnDljPvAe27y', 'BTECH', 'CSE', 5, 0);

-- --------------------------------------------------------

--
-- Table structure for table `usict_student_subjects`
--

CREATE TABLE `usict_student_subjects` (
  `enrollment_no` bigint(10) NOT NULL,
  `subject_id` int(10) NOT NULL
) ENGINE=InnoDB DEFAULT CHARSET=utf8;

--
-- Dumping data for table `usict_student_subjects`
--

INSERT INTO `usict_student_subjects` (`enrollment_no`, `subject_id`) VALUES
(116403215, 17),
(116403215, 18),
(116403215, 19),
(116403215, 20),
(116403215, 21),
(116403215, 22),
(116403215, 23),
(116403215, 24),
(116403215, 25),
(216403215, 17),
(216403215, 18),
(216403215, 19),
(216403215, 20),
(216403215, 21),
(216403215, 22),
(216403215, 23),
(216403215, 24),
(216403215, 25),
(316403215, 17),
(316403215, 18),
(316403215, 19),
(316403215, 20),
(316403215, 21),
(316403215, 22),
(316403215, 23),
(316403215, 24),
(316403215, 25),
(416403215, 17),
(416403215, 18),
(416403215, 19),
(416403215, 20),
(416403215, 21),
(416403215, 22),
(416403215, 23),
(416403215, 24),
(416403215, 25),
(516403215, 17),
(516403215, 18),
(516403215, 19),
(516403215, 20),
(516403215, 21),
(516403215, 22),
(516403215, 23),
(516403215, 24),
(516403215, 25),
(616403215, 17),
(616403215, 18),
(616403215, 19),
(616403215, 20),
(616403215, 21),
(616403215, 22),
(616403215, 23),
(616403215, 24),
(616403215, 25),
(816403215, 17),
(816403215, 18),
(816403215, 19),
(816403215, 20),
(816403215, 21),
(816403215, 22),
(816403215, 23),
(816403215, 24),
(816403215, 25),
(1016403215, 17),
(1016403215, 18),
(1016403215, 19),
(1016403215, 20),
(1016403215, 21),
(1016403215, 22),
(1016403215, 23),
(1016403215, 24),
(1016403215, 25),
(1216403215, 17),
(1216403215, 18),
(1216403215, 19),
(1216403215, 20),
(1216403215, 21),
(1216403215, 22),
(1216403215, 23),
(1216403215, 24),
(1216403215, 25),
(1416403215, 17),
(1416403215, 18),
(1416403215, 19),
(1416403215, 20),
(1416403215, 21),
(1416403215, 22),
(1416403215, 23),
(1416403215, 24),
(1416403215, 25),
(1516403215, 17),
(1516403215, 18),
(1516403215, 19),
(1516403215, 20),
(1516403215, 21),
(1516403215, 22),
(1516403215, 23),
(1516403215, 24),
(1516403215, 25),
(1716403215, 17),
(1716403215, 18),
(1716403215, 19),
(1716403215, 20),
(1716403215, 21),
(1716403215, 22),
(1716403215, 23),
(1716403215, 24),
(1716403215, 25),
(1816403215, 17),
(1816403215, 18),
(1816403215, 19),
(1816403215, 20),
(1816403215, 21),
(1816403215, 22),
(1816403215, 23),
(1816403215, 24),
(1816403215, 25),
(1916403215, 17),
(1916403215, 18),
(1916403215, 19),
(1916403215, 20),
(1916403215, 21),
(1916403215, 22),
(1916403215, 23),
(1916403215, 24),
(1916403215, 25),
(2016403215, 17),
(2016403215, 18),
(2016403215, 19),
(2016403215, 20),
(2016403215, 21),
(2016403215, 22),
(2016403215, 23),
(2016403215, 24),
(2016403215, 25),
(2116403215, 17),
(2116403215, 18),
(2116403215, 19),
(2116403215, 20),
(2116403215, 21),
(2116403215, 22),
(2116403215, 23),
(2116403215, 24),
(2116403215, 25),
(2216403215, 17),
(2216403215, 18),
(2216403215, 19),
(2216403215, 20),
(2216403215, 21),
(2216403215, 22),
(2216403215, 23),
(2216403215, 24),
(2216403215, 25),
(2316403215, 17),
(2316403215, 18),
(2316403215, 19),
(2316403215, 20),
(2316403215, 21),
(2316403215, 22),
(2316403215, 23),
(2316403215, 24),
(2316403215, 25),
(2416403215, 17),
(2416403215, 18),
(2416403215, 19),
(2416403215, 20),
(2416403215, 21),
(2416403215, 22),
(2416403215, 23),
(2416403215, 24),
(2416403215, 25),
(2616403215, 17),
(2616403215, 18),
(2616403215, 19),
(2616403215, 20),
(2616403215, 21),
(2616403215, 22),
(2616403215, 23),
(2616403215, 24),
(2616403215, 25),
(2816403215, 17),
(2816403215, 18),
(2816403215, 19),
(2816403215, 20),
(2816403215, 21),
(2816403215, 22),
(2816403215, 23),
(2816403215, 24),
(2816403215, 25),
(2916403215, 17),
(2916403215, 18),
(2916403215, 19),
(2916403215, 20),
(2916403215, 21),
(2916403215, 22),
(2916403215, 23),
(2916403215, 24),
(2916403215, 25),
(3016403215, 17),
(3016403215, 18),
(3016403215, 19),
(3016403215, 20),
(3016403215, 21),
(3016403215, 22),
(3016403215, 23),
(3016403215, 24),
(3016403215, 25),
(3616403215, 17),
(3616403215, 18),
(3616403215, 19),
(3616403215, 20),
(3616403215, 21),
(3616403215, 22),
(3616403215, 23),
(3616403215, 24),
(3616403215, 25),
(3816403215, 17),
(3816403215, 18),
(3816403215, 19),
(3816403215, 20),
(3816403215, 21),
(3816403215, 22),
(3816403215, 23),
(3816403215, 24),
(3816403215, 25),
(3916403215, 17),
(3916403215, 18),
(3916403215, 19),
(3916403215, 20),
(3916403215, 21),
(3916403215, 22),
(3916403215, 23),
(3916403215, 24),
(3916403215, 25),
(6031640325, 17),
(6031640325, 18),
(6031640325, 19),
(6031640325, 20),
(6031640325, 21),
(6031640325, 22),
(6031640325, 23),
(6031640325, 24),
(6031640325, 25),
(10116402315, 17),
(10116402315, 18),
(10116402315, 19),
(10116402315, 20),
(10116402315, 21),
(10116402315, 22),
(10116402315, 23),
(10116402315, 24),
(10116402315, 25),
(10216402315, 17),
(10216402315, 18),
(10216402315, 19),
(10216402315, 20),
(10216402315, 21),
(10216402315, 22),
(10216402315, 23),
(10216402315, 24),
(10216402315, 25),
(10316402315, 17),
(10316402315, 18),
(10316402315, 19),
(10316402315, 20),
(10316402315, 21),
(10316402315, 22),
(10316402315, 23),
(10316402315, 24),
(10316402315, 25),
(40116403215, 17),
(40116403215, 18),
(40116403215, 19),
(40116403215, 20),
(40116403215, 21),
(40116403215, 22),
(40116403215, 23),
(40116403215, 24),
(40116403215, 25),
(40216403215, 17),
(40216403215, 18),
(40216403215, 19),
(40216403215, 20),
(40216403215, 21),
(40216403215, 22),
(40216403215, 23),
(40216403215, 24),
(40216403215, 25),
(40316403215, 17),
(40316403215, 18),
(40316403215, 19),
(40316403215, 20),
(40316403215, 21),
(40316403215, 22),
(40316403215, 23),
(40316403215, 24),
(40316403215, 25),
(40516403215, 17),
(40516403215, 18),
(40516403215, 19),
(40516403215, 20),
(40516403215, 21),
(40516403215, 22),
(40516403215, 23),
(40516403215, 24),
(40516403215, 25),
(40716403215, 17),
(40716403215, 18),
(40716403215, 19),
(40716403215, 20),
(40716403215, 21),
(40716403215, 22),
(40716403215, 23),
(40716403215, 24),
(40716403215, 25),
(40816403215, 17),
(40816403215, 18),
(40816403215, 19),
(40816403215, 20),
(40816403215, 21),
(40816403215, 22),
(40816403215, 23),
(40816403215, 24),
(40816403215, 25),
(40916403215, 17),
(40916403215, 18),
(40916403215, 19),
(40916403215, 20),
(40916403215, 21),
(40916403215, 22),
(40916403215, 23),
(40916403215, 24),
(40916403215, 25),
(41016403215, 17),
(41016403215, 18),
(41016403215, 19),
(41016403215, 20),
(41016403215, 21),
(41016403215, 22),
(41016403215, 23),
(41016403215, 24),
(41016403215, 25),
(41216403215, 17),
(41216403215, 18),
(41216403215, 19),
(41216403215, 20),
(41216403215, 21),
(41216403215, 22),
(41216403215, 23),
(41216403215, 24),
(41216403215, 25),
(41316403215, 17),
(41316403215, 18),
(41316403215, 19),
(41316403215, 20),
(41316403215, 21),
(41316403215, 22),
(41316403215, 23),
(41316403215, 24),
(41316403215, 25),
(41416403215, 17),
(41416403215, 18),
(41416403215, 19),
(41416403215, 20),
(41416403215, 21),
(41416403215, 22),
(41416403215, 23),
(41416403215, 24),
(41416403215, 25),
(41516403215, 17),
(41516403215, 18),
(41516403215, 19),
(41516403215, 20),
(41516403215, 21),
(41516403215, 22),
(41516403215, 23),
(41516403215, 24),
(41516403215, 25),
(41616403215, 17),
(41616403215, 18),
(41616403215, 19),
(41616403215, 20),
(41616403215, 21),
(41616403215, 22),
(41616403215, 23),
(41616403215, 24),
(41616403215, 25),
(41716403215, 17),
(41716403215, 18),
(41716403215, 19),
(41716403215, 20),
(41716403215, 21),
(41716403215, 22),
(41716403215, 23),
(41716403215, 24),
(41716403215, 25),
(41816403215, 17),
(41816403215, 18),
(41816403215, 19),
(41816403215, 20),
(41816403215, 21),
(41816403215, 22),
(41816403215, 23),
(41816403215, 24),
(41816403215, 25),
(41916403215, 17),
(41916403215, 18),
(41916403215, 19),
(41916403215, 20),
(41916403215, 21),
(41916403215, 22),
(41916403215, 23),
(41916403215, 24),
(41916403215, 25),
(42016403215, 17),
(42016403215, 18),
(42016403215, 19),
(42016403215, 20),
(42016403215, 21),
(42016403215, 22),
(42016403215, 23),
(42016403215, 24),
(42016403215, 25),
(42116403215, 17),
(42116403215, 18),
(42116403215, 19),
(42116403215, 20),
(42116403215, 21),
(42116403215, 22),
(42116403215, 23),
(42116403215, 24),
(42116403215, 25),
(60116403215, 17),
(60116403215, 18),
(60116403215, 19),
(60116403215, 20),
(60116403215, 21),
(60116403215, 22),
(60116403215, 23),
(60116403215, 24),
(60116403215, 25),
(60216403215, 17),
(60216403215, 18),
(60216403215, 19),
(60216403215, 20),
(60216403215, 21),
(60216403215, 22),
(60216403215, 23),
(60216403215, 24),
(60216403215, 25),
(60416403215, 17),
(60416403215, 18),
(60416403215, 19),
(60416403215, 20),
(60416403215, 21),
(60416403215, 22),
(60416403215, 23),
(60416403215, 24),
(60416403215, 25),
(70116403215, 17),
(70116403215, 18),
(70116403215, 19),
(70116403215, 20),
(70116403215, 21),
(70116403215, 22),
(70116403215, 23),
(70116403215, 24),
(70116403215, 25),
(70216403215, 17),
(70216403215, 18),
(70216403215, 19),
(70216403215, 20),
(70216403215, 21),
(70216403215, 22),
(70216403215, 23),
(70216403215, 24),
(70216403215, 25),
(70316403215, 17),
(70316403215, 18),
(70316403215, 19),
(70316403215, 20),
(70316403215, 21),
(70316403215, 22),
(70316403215, 23),
(70316403215, 24),
(70316403215, 25),
(70416403215, 17),
(70416403215, 18),
(70416403215, 19),
(70416403215, 20),
(70416403215, 21),
(70416403215, 22),
(70416403215, 23),
(70416403215, 24),
(70416403215, 25),
(70616403215, 17),
(70616403215, 18),
(70616403215, 19),
(70616403215, 20),
(70616403215, 21),
(70616403215, 22),
(70616403215, 23),
(70616403215, 24),
(70616403215, 25),
(70716403215, 17),
(70716403215, 18),
(70716403215, 19),
(70716403215, 20),
(70716403215, 21),
(70716403215, 22),
(70716403215, 23),
(70716403215, 24),
(70716403215, 25),
(70816403215, 17),
(70816403215, 18),
(70816403215, 19),
(70816403215, 20),
(70816403215, 21),
(70816403215, 22),
(70816403215, 23),
(70816403215, 24),
(70816403215, 25),
(70916403215, 17),
(70916403215, 18),
(70916403215, 19),
(70916403215, 20),
(70916403215, 21),
(70916403215, 22),
(70916403215, 23),
(70916403215, 24),
(70916403215, 25),
(216401514, 61),
(216401514, 62),
(216401514, 63),
(216401514, 64),
(216401514, 65),
(216401514, 66),
(216401514, 67),
(416401514, 61),
(416401514, 62),
(416401514, 63),
(416401514, 64),
(416401514, 65),
(416401514, 66),
(416401514, 67),
(516401514, 61),
(516401514, 62),
(516401514, 63),
(516401514, 64),
(516401514, 65),
(516401514, 66),
(516401514, 67),
(816401514, 61),
(816401514, 62),
(816401514, 63),
(816401514, 64),
(816401514, 65),
(816401514, 66),
(816401514, 67),
(916401514, 61),
(916401514, 62),
(916401514, 63),
(916401514, 64),
(916401514, 65),
(916401514, 66),
(916401514, 67),
(1016401514, 61),
(1016401514, 62),
(1016401514, 63),
(1016401514, 64),
(1016401514, 65),
(1016401514, 66),
(1016401514, 67),
(1116401514, 61),
(1116401514, 62),
(1116401514, 63),
(1116401514, 64),
(1116401514, 65),
(1116401514, 66),
(1116401514, 67),
(1216401514, 61),
(1216401514, 62),
(1216401514, 63),
(1216401514, 64),
(1216401514, 65),
(1216401514, 66),
(1216401514, 67),
(1416401514, 61),
(1416401514, 62),
(1416401514, 63),
(1416401514, 64),
(1416401514, 65),
(1416401514, 66),
(1416401514, 67),
(1516401514, 61),
(1516401514, 62),
(1516401514, 63),
(1516401514, 64),
(1516401514, 65),
(1516401514, 66),
(1516401514, 67),
(1616401514, 61),
(1616401514, 62),
(1616401514, 63),
(1616401514, 64),
(1616401514, 65),
(1616401514, 66),
(1616401514, 67),
(1716401514, 61),
(1716401514, 62),
(1716401514, 63),
(1716401514, 64),
(1716401514, 65),
(1716401514, 66),
(1716401514, 67),
(1916401514, 61),
(1916401514, 62),
(1916401514, 63),
(1916401514, 64),
(1916401514, 65),
(1916401514, 66),
(1916401514, 67),
(2016401514, 61),
(2016401514, 62),
(2016401514, 63),
(2016401514, 64),
(2016401514, 65),
(2016401514, 66),
(2016401514, 67),
(2316401514, 61),
(2316401514, 62),
(2316401514, 63),
(2316401514, 64),
(2316401514, 65),
(2316401514, 66),
(2316401514, 67),
(2416401514, 61),
(2416401514, 62),
(2416401514, 63),
(2416401514, 64),
(2416401514, 65),
(2416401514, 66),
(2416401514, 67),
(2716401514, 61),
(2716401514, 62),
(2716401514, 63),
(2716401514, 64),
(2716401514, 65),
(2716401514, 66),
(2716401514, 67),
(2816401514, 61),
(2816401514, 62),
(2816401514, 63),
(2816401514, 64),
(2816401514, 65),
(2816401514, 66),
(2816401514, 67),
(3016401514, 61),
(3016401514, 62),
(3016401514, 63),
(3016401514, 64),
(3016401514, 65),
(3016401514, 66),
(3016401514, 67),
(3216401514, 61),
(3216401514, 62),
(3216401514, 63),
(3216401514, 64),
(3216401514, 65),
(3216401514, 66),
(3216401514, 67),
(3316401514, 61),
(3316401514, 62),
(3316401514, 63),
(3316401514, 64),
(3316401514, 65),
(3316401514, 66),
(3316401514, 67),
(3416401514, 61),
(3416401514, 62),
(3416401514, 63),
(3416401514, 64),
(3416401514, 65),
(3416401514, 66),
(3416401514, 67),
(3516401514, 61),
(3516401514, 62),
(3516401514, 63),
(3516401514, 64),
(3516401514, 65),
(3516401514, 66),
(3516401514, 67),
(3816401514, 61),
(3816401514, 62),
(3816401514, 63),
(3816401514, 64),
(3816401514, 65),
(3816401514, 66),
(3816401514, 67),
(3916401514, 61),
(3916401514, 62),
(3916401514, 63),
(3916401514, 64),
(3916401514, 65),
(3916401514, 66),
(3916401514, 67),
(4116401514, 61),
(4116401514, 62),
(4116401514, 63),
(4116401514, 64),
(4116401514, 65),
(4116401514, 66),
(4116401514, 67),
(4216401514, 61),
(4216401514, 62),
(4216401514, 63),
(4216401514, 64),
(4216401514, 65),
(4216401514, 66),
(4216401514, 67),
(4316401514, 61),
(4316401514, 62),
(4316401514, 63),
(4316401514, 64),
(4316401514, 65),
(4316401514, 66),
(4316401514, 67),
(4416401514, 61),
(4416401514, 62),
(4416401514, 63),
(4416401514, 64),
(4416401514, 65),
(4416401514, 66),
(4416401514, 67),
(4616401514, 61),
(4616401514, 62),
(4616401514, 63),
(4616401514, 64),
(4616401514, 65),
(4616401514, 66),
(4616401514, 67),
(4716401514, 61),
(4716401514, 62),
(4716401514, 63),
(4716401514, 64),
(4716401514, 65),
(4716401514, 66),
(4716401514, 67),
(4816401514, 61),
(4816401514, 62),
(4816401514, 63),
(4816401514, 64),
(4816401514, 65),
(4816401514, 66),
(4816401514, 67),
(4916401514, 61),
(4916401514, 62),
(4916401514, 63),
(4916401514, 64),
(4916401514, 65),
(4916401514, 66),
(4916401514, 67),
(5016401514, 61),
(5016401514, 62),
(5016401514, 63),
(5016401514, 64),
(5016401514, 65),
(5016401514, 66),
(5016401514, 67),
(5116401514, 61),
(5116401514, 62),
(5116401514, 63),
(5116401514, 64),
(5116401514, 65),
(5116401514, 66),
(5116401514, 67),
(5216401514, 61),
(5216401514, 62),
(5216401514, 63),
(5216401514, 64),
(5216401514, 65),
(5216401514, 66),
(5216401514, 67),
(5316401514, 61),
(5316401514, 62),
(5316401514, 63),
(5316401514, 64),
(5316401514, 65),
(5316401514, 66),
(5316401514, 67),
(5416401514, 61),
(5416401514, 62),
(5416401514, 63),
(5416401514, 64),
(5416401514, 65),
(5416401514, 66),
(5416401514, 67),
(5516401514, 61),
(5516401514, 62),
(5516401514, 63),
(5516401514, 64),
(5516401514, 65),
(5516401514, 66),
(5516401514, 67),
(5716401514, 61),
(5716401514, 62),
(5716401514, 63),
(5716401514, 64),
(5716401514, 65),
(5716401514, 66),
(5716401514, 67),
(5816401514, 61),
(5816401514, 62),
(5816401514, 63),
(5816401514, 64),
(5816401514, 65),
(5816401514, 66),
(5816401514, 67),
(5916401514, 61),
(5916401514, 62),
(5916401514, 63),
(5916401514, 64),
(5916401514, 65),
(5916401514, 66),
(5916401514, 67),
(6016401514, 61),
(6016401514, 62),
(6016401514, 63),
(6016401514, 64),
(6016401514, 65),
(6016401514, 66),
(6016401514, 67),
(6116401514, 61),
(6116401514, 62),
(6116401514, 63),
(6116401514, 64),
(6116401514, 65),
(6116401514, 66),
(6116401514, 67),
(6216401514, 61),
(6216401514, 62),
(6216401514, 63),
(6216401514, 64),
(6216401514, 65),
(6216401514, 66),
(6216401514, 67),
(6316401514, 61),
(6316401514, 62),
(6316401514, 63),
(6316401514, 64),
(6316401514, 65),
(6316401514, 66),
(6316401514, 67),
(6516401514, 61),
(6516401514, 62),
(6516401514, 63),
(6516401514, 64),
(6516401514, 65),
(6516401514, 66),
(6516401514, 67),
(6716401514, 61),
(6716401514, 62),
(6716401514, 63),
(6716401514, 64),
(6716401514, 65),
(6716401514, 66),
(6716401514, 67),
(6916401514, 61),
(6916401514, 62),
(6916401514, 63),
(6916401514, 64),
(6916401514, 65),
(6916401514, 66),
(6916401514, 67),
(7016401514, 61),
(7016401514, 62),
(7016401514, 63),
(7016401514, 64),
(7016401514, 65),
(7016401514, 66),
(7016401514, 67),
(7116401514, 61),
(7116401514, 62),
(7116401514, 63),
(7116401514, 64),
(7116401514, 65),
(7116401514, 66),
(7116401514, 67),
(7216401514, 61),
(7216401514, 62),
(7216401514, 63),
(7216401514, 64),
(7216401514, 65),
(7216401514, 66),
(7216401514, 67),
(7316401514, 61),
(7316401514, 62),
(7316401514, 63),
(7316401514, 64),
(7316401514, 65),
(7316401514, 66),
(7316401514, 67),
(7416401514, 61),
(7416401514, 62),
(7416401514, 63),
(7416401514, 64),
(7416401514, 65),
(7416401514, 66),
(7416401514, 67),
(7516401514, 61),
(7516401514, 62),
(7516401514, 63),
(7516401514, 64),
(7516401514, 65),
(7516401514, 66),
(7516401514, 67),
(7716401514, 61),
(7716401514, 62),
(7716401514, 63),
(7716401514, 64),
(7716401514, 65),
(7716401514, 66),
(7716401514, 67),
(7816401514, 61),
(7816401514, 62),
(7816401514, 63),
(7816401514, 64),
(7816401514, 65),
(7816401514, 66),
(7816401514, 67),
(7916401514, 61),
(7916401514, 62),
(7916401514, 63),
(7916401514, 64),
(7916401514, 65),
(7916401514, 66),
(7916401514, 67),
(8016401514, 61),
(8016401514, 62),
(8016401514, 63),
(8016401514, 64),
(8016401514, 65),
(8016401514, 66),
(8016401514, 67),
(8316401514, 61),
(8316401514, 62),
(8316401514, 63),
(8316401514, 64),
(8316401514, 65),
(8316401514, 66),
(8316401514, 67),
(8516401514, 61),
(8516401514, 62),
(8516401514, 63),
(8516401514, 64),
(8516401514, 65),
(8516401514, 66),
(8516401514, 67),
(8616401514, 61),
(8616401514, 62),
(8616401514, 63),
(8616401514, 64),
(8616401514, 65),
(8616401514, 66),
(8616401514, 67),
(8716401514, 61),
(8716401514, 62),
(8716401514, 63),
(8716401514, 64),
(8716401514, 65),
(8716401514, 66),
(8716401514, 67),
(9516401514, 61),
(9516401514, 62),
(9516401514, 63),
(9516401514, 64),
(9516401514, 65),
(9516401514, 66),
(9516401514, 67),
(40116401514, 61),
(40116401514, 62),
(40116401514, 63),
(40116401514, 64),
(40116401514, 65),
(40116401514, 66),
(40116401514, 67),
(60016401514, 61),
(60016401514, 62),
(60016401514, 63),
(60016401514, 64),
(60016401514, 65),
(60016401514, 66),
(60016401514, 67),
(60116401514, 61),
(60116401514, 62),
(60116401514, 63),
(60116401514, 64),
(60116401514, 65),
(60116401514, 66),
(60116401514, 67),
(60216401514, 61),
(60216401514, 62),
(60216401514, 63),
(60216401514, 64),
(60216401514, 65),
(60216401514, 66),
(60216401514, 67),
(60316401514, 61),
(60316401514, 62),
(60316401514, 63),
(60316401514, 64),
(60316401514, 65),
(60316401514, 66),
(60316401514, 67),
(116412815, 104),
(116412815, 105),
(116412815, 106),
(116412815, 107),
(116412815, 108),
(116412815, 109),
(116412815, 110),
(116412815, 111),
(116412815, 112),
(116412815, 113),
(116412815, 198),
(216412815, 104),
(216412815, 105),
(216412815, 106),
(216412815, 107),
(216412815, 108),
(216412815, 109),
(216412815, 110),
(216412815, 111),
(216412815, 112),
(216412815, 113),
(216412815, 198),
(316412815, 104),
(316412815, 105),
(316412815, 106),
(316412815, 107),
(316412815, 108),
(316412815, 109),
(316412815, 110),
(316412815, 111),
(316412815, 112),
(316412815, 113),
(316412815, 198),
(416412815, 104),
(416412815, 105),
(416412815, 106),
(416412815, 107),
(416412815, 108),
(416412815, 109),
(416412815, 110),
(416412815, 111),
(416412815, 112),
(416412815, 113),
(416412815, 198),
(516412815, 104),
(516412815, 105),
(516412815, 106),
(516412815, 107),
(516412815, 108),
(516412815, 109),
(516412815, 110),
(516412815, 111),
(516412815, 112),
(516412815, 113),
(516412815, 198),
(616412815, 104),
(616412815, 105),
(616412815, 106),
(616412815, 107),
(616412815, 108),
(616412815, 109),
(616412815, 110),
(616412815, 111),
(616412815, 112),
(616412815, 113),
(616412815, 198),
(716412815, 104),
(716412815, 105),
(716412815, 106),
(716412815, 107),
(716412815, 108),
(716412815, 109),
(716412815, 110),
(716412815, 111),
(716412815, 112),
(716412815, 113),
(716412815, 198),
(816412815, 104),
(816412815, 105),
(816412815, 106),
(816412815, 107),
(816412815, 108),
(816412815, 109),
(816412815, 110),
(816412815, 111),
(816412815, 112),
(816412815, 113),
(816412815, 198),
(916412815, 104),
(916412815, 105),
(916412815, 106),
(916412815, 107),
(916412815, 108),
(916412815, 109),
(916412815, 110),
(916412815, 111),
(916412815, 112),
(916412815, 113),
(916412815, 198),
(1016412815, 104),
(1016412815, 105),
(1016412815, 106),
(1016412815, 107),
(1016412815, 108),
(1016412815, 109),
(1016412815, 110),
(1016412815, 111),
(1016412815, 112),
(1016412815, 113),
(1016412815, 198),
(1116412815, 104),
(1116412815, 105),
(1116412815, 106),
(1116412815, 107),
(1116412815, 108),
(1116412815, 109),
(1116412815, 110),
(1116412815, 111),
(1116412815, 112),
(1116412815, 113),
(1116412815, 198),
(1216412815, 104),
(1216412815, 105),
(1216412815, 106),
(1216412815, 107),
(1216412815, 108),
(1216412815, 109),
(1216412815, 110),
(1216412815, 111),
(1216412815, 112),
(1216412815, 113),
(1216412815, 198),
(1316412815, 104),
(1316412815, 105),
(1316412815, 106),
(1316412815, 107),
(1316412815, 108),
(1316412815, 109),
(1316412815, 110),
(1316412815, 111),
(1316412815, 112),
(1316412815, 113),
(1316412815, 198),
(1416412815, 104),
(1416412815, 105),
(1416412815, 106),
(1416412815, 107),
(1416412815, 108),
(1416412815, 109),
(1416412815, 110),
(1416412815, 111),
(1416412815, 112),
(1416412815, 113),
(1416412815, 198),
(1516412815, 104),
(1516412815, 105),
(1516412815, 106),
(1516412815, 107),
(1516412815, 108),
(1516412815, 109),
(1516412815, 110),
(1516412815, 111),
(1516412815, 112),
(1516412815, 113),
(1516412815, 198),
(1616412815, 104),
(1616412815, 105),
(1616412815, 106),
(1616412815, 107),
(1616412815, 108),
(1616412815, 109),
(1616412815, 110),
(1616412815, 111),
(1616412815, 112),
(1616412815, 113),
(1616412815, 198),
(1716412815, 104),
(1716412815, 105),
(1716412815, 106),
(1716412815, 107),
(1716412815, 108),
(1716412815, 109),
(1716412815, 110),
(1716412815, 111),
(1716412815, 112),
(1716412815, 113),
(1716412815, 198),
(1816412815, 104),
(1816412815, 105),
(1816412815, 106),
(1816412815, 107),
(1816412815, 108),
(1816412815, 109),
(1816412815, 110),
(1816412815, 111),
(1816412815, 112),
(1816412815, 113),
(1816412815, 198),
(1916412815, 104),
(1916412815, 105),
(1916412815, 106),
(1916412815, 107),
(1916412815, 108),
(1916412815, 109),
(1916412815, 110),
(1916412815, 111),
(1916412815, 112),
(1916412815, 113),
(1916412815, 198),
(2016412815, 104),
(2016412815, 105),
(2016412815, 106),
(2016412815, 107),
(2016412815, 108),
(2016412815, 109),
(2016412815, 110),
(2016412815, 111),
(2016412815, 112),
(2016412815, 113),
(2016412815, 198),
(2116412815, 104),
(2116412815, 105),
(2116412815, 106),
(2116412815, 107),
(2116412815, 108),
(2116412815, 109),
(2116412815, 110),
(2116412815, 111),
(2116412815, 112),
(2116412815, 113),
(2116412815, 198),
(2216412815, 104),
(2216412815, 105),
(2216412815, 106),
(2216412815, 107),
(2216412815, 108),
(2216412815, 109),
(2216412815, 110),
(2216412815, 111),
(2216412815, 112),
(2216412815, 113),
(2216412815, 198),
(2316412815, 104),
(2316412815, 105),
(2316412815, 106),
(2316412815, 107),
(2316412815, 108),
(2316412815, 109),
(2316412815, 110),
(2316412815, 111),
(2316412815, 112),
(2316412815, 113),
(2316412815, 198),
(2416412815, 104),
(2416412815, 105),
(2416412815, 106),
(2416412815, 107),
(2416412815, 108),
(2416412815, 109),
(2416412815, 110),
(2416412815, 111),
(2416412815, 112),
(2416412815, 113),
(2416412815, 198),
(2516412815, 104),
(2516412815, 105),
(2516412815, 106),
(2516412815, 107),
(2516412815, 108),
(2516412815, 109),
(2516412815, 110),
(2516412815, 111),
(2516412815, 112),
(2516412815, 113),
(2516412815, 198),
(2616412815, 104),
(2616412815, 105),
(2616412815, 106),
(2616412815, 107),
(2616412815, 108),
(2616412815, 109),
(2616412815, 110),
(2616412815, 111),
(2616412815, 112),
(2616412815, 113),
(2616412815, 198),
(2716412815, 104),
(2716412815, 105),
(2716412815, 106),
(2716412815, 107),
(2716412815, 108),
(2716412815, 109),
(2716412815, 110),
(2716412815, 111),
(2716412815, 112),
(2716412815, 113),
(2716412815, 198),
(2816412815, 104),
(2816412815, 105),
(2816412815, 106),
(2816412815, 107),
(2816412815, 108),
(2816412815, 109),
(2816412815, 110),
(2816412815, 111),
(2816412815, 112),
(2816412815, 113),
(2816412815, 198),
(2916412815, 104),
(2916412815, 105),
(2916412815, 106),
(2916412815, 107),
(2916412815, 108),
(2916412815, 109),
(2916412815, 110),
(2916412815, 111),
(2916412815, 112),
(2916412815, 113),
(2916412815, 198),
(3016412815, 104),
(3016412815, 105),
(3016412815, 106),
(3016412815, 107),
(3016412815, 108),
(3016412815, 109),
(3016412815, 110),
(3016412815, 111),
(3016412815, 112),
(3016412815, 113),
(3016412815, 198),
(3116412815, 104),
(3116412815, 105),
(3116412815, 106),
(3116412815, 107),
(3116412815, 108),
(3116412815, 109),
(3116412815, 110),
(3116412815, 111),
(3116412815, 112),
(3116412815, 113),
(3116412815, 198),
(3216412815, 104),
(3216412815, 105),
(3216412815, 106),
(3216412815, 107),
(3216412815, 108),
(3216412815, 109),
(3216412815, 110),
(3216412815, 111),
(3216412815, 112),
(3216412815, 113),
(3216412815, 198),
(3316412815, 104),
(3316412815, 105),
(3316412815, 106),
(3316412815, 107),
(3316412815, 108),
(3316412815, 109),
(3316412815, 110),
(3316412815, 111),
(3316412815, 112),
(3316412815, 113),
(3316412815, 198),
(3416412815, 104),
(3416412815, 105),
(3416412815, 106),
(3416412815, 107),
(3416412815, 108),
(3416412815, 109),
(3416412815, 110),
(3416412815, 111),
(3416412815, 112),
(3416412815, 113),
(3416412815, 198),
(3516412815, 104),
(3516412815, 105),
(3516412815, 106),
(3516412815, 107),
(3516412815, 108),
(3516412815, 109),
(3516412815, 110),
(3516412815, 111),
(3516412815, 112),
(3516412815, 113),
(3516412815, 198),
(3616412815, 104),
(3616412815, 105),
(3616412815, 106),
(3616412815, 107),
(3616412815, 108),
(3616412815, 109),
(3616412815, 110),
(3616412815, 111),
(3616412815, 112),
(3616412815, 113),
(3616412815, 198),
(3716412815, 104),
(3716412815, 105),
(3716412815, 106),
(3716412815, 107),
(3716412815, 108),
(3716412815, 109),
(3716412815, 110),
(3716412815, 111),
(3716412815, 112),
(3716412815, 113),
(3716412815, 198),
(3816412815, 104),
(3816412815, 105),
(3816412815, 106),
(3816412815, 107),
(3816412815, 108),
(3816412815, 109),
(3816412815, 110),
(3816412815, 111),
(3816412815, 112),
(3816412815, 113),
(3816412815, 198),
(3916412815, 104),
(3916412815, 105),
(3916412815, 106),
(3916412815, 107),
(3916412815, 108),
(3916412815, 109),
(3916412815, 110),
(3916412815, 111),
(3916412815, 112),
(3916412815, 113),
(3916412815, 198),
(4116412815, 104),
(4116412815, 105),
(4116412815, 106),
(4116412815, 107),
(4116412815, 108),
(4116412815, 109),
(4116412815, 110),
(4116412815, 111),
(4116412815, 112),
(4116412815, 113),
(4116412815, 198),
(5916412814, 104),
(5916412814, 105),
(5916412814, 106),
(5916412814, 107),
(5916412814, 108),
(5916412814, 109),
(5916412814, 110),
(5916412814, 111),
(5916412814, 112),
(5916412814, 113),
(5916412814, 198),
(40116412815, 104),
(40116412815, 105),
(40116412815, 106),
(40116412815, 107),
(40116412815, 108),
(40116412815, 109),
(40116412815, 110),
(40116412815, 111),
(40116412815, 112),
(40116412815, 113),
(40116412815, 198),
(40216412815, 104),
(40216412815, 105),
(40216412815, 106),
(40216412815, 107),
(40216412815, 108),
(40216412815, 109),
(40216412815, 110),
(40216412815, 111),
(40216412815, 112),
(40216412815, 113),
(40216412815, 198),
(40316412815, 104),
(40316412815, 105),
(40316412815, 106),
(40316412815, 107),
(40316412815, 108),
(40316412815, 109),
(40316412815, 110),
(40316412815, 111),
(40316412815, 112),
(40316412815, 113),
(40316412815, 198),
(40416412815, 104),
(40416412815, 105),
(40416412815, 106),
(40416412815, 107),
(40416412815, 108),
(40416412815, 109),
(40416412815, 110),
(40416412815, 111),
(40416412815, 112),
(40416412815, 113),
(40416412815, 198),
(40516412815, 104),
(40516412815, 105),
(40516412815, 106),
(40516412815, 107),
(40516412815, 108),
(40516412815, 109),
(40516412815, 110),
(40516412815, 111),
(40516412815, 112),
(40516412815, 113),
(40516412815, 198),
(40616412815, 104),
(40616412815, 105),
(40616412815, 106),
(40616412815, 107),
(40616412815, 108),
(40616412815, 109),
(40616412815, 110),
(40616412815, 111),
(40616412815, 112),
(40616412815, 113),
(40616412815, 198),
(40716412815, 104),
(40716412815, 105),
(40716412815, 106),
(40716412815, 107),
(40716412815, 108),
(40716412815, 109),
(40716412815, 110),
(40716412815, 111),
(40716412815, 112),
(40716412815, 113),
(40716412815, 198),
(40816412815, 104),
(40816412815, 105),
(40816412815, 106),
(40816412815, 107),
(40816412815, 108),
(40816412815, 109),
(40816412815, 110),
(40816412815, 111),
(40816412815, 112),
(40816412815, 113),
(40816412815, 198),
(40916412815, 104),
(40916412815, 105),
(40916412815, 106),
(40916412815, 107),
(40916412815, 108),
(40916412815, 109),
(40916412815, 110),
(40916412815, 111),
(40916412815, 112),
(40916412815, 113),
(40916412815, 198),
(41016412815, 104),
(41016412815, 105),
(41016412815, 106),
(41016412815, 107),
(41016412815, 108),
(41016412815, 109),
(41016412815, 110),
(41016412815, 111),
(41016412815, 112),
(41016412815, 113),
(41016412815, 198),
(41116412815, 104),
(41116412815, 105),
(41116412815, 106),
(41116412815, 107),
(41116412815, 108),
(41116412815, 109),
(41116412815, 110),
(41116412815, 111),
(41116412815, 112),
(41116412815, 113),
(41116412815, 198),
(41216412815, 104),
(41216412815, 105),
(41216412815, 106),
(41216412815, 107),
(41216412815, 108),
(41216412815, 109),
(41216412815, 110),
(41216412815, 111),
(41216412815, 112),
(41216412815, 113),
(41216412815, 198),
(41316412815, 104),
(41316412815, 105),
(41316412815, 106),
(41316412815, 107),
(41316412815, 108),
(41316412815, 109),
(41316412815, 110),
(41316412815, 111),
(41316412815, 112),
(41316412815, 113),
(41316412815, 198),
(41416412815, 104),
(41416412815, 105),
(41416412815, 106),
(41416412815, 107),
(41416412815, 108),
(41416412815, 109),
(41416412815, 110),
(41416412815, 111),
(41416412815, 112),
(41416412815, 113),
(41416412815, 198),
(41516412815, 104),
(41516412815, 105),
(41516412815, 106),
(41516412815, 107),
(41516412815, 108),
(41516412815, 109),
(41516412815, 110),
(41516412815, 111),
(41516412815, 112),
(41516412815, 113),
(41516412815, 198),
(41616412815, 104),
(41616412815, 105),
(41616412815, 106),
(41616412815, 107),
(41616412815, 108),
(41616412815, 109),
(41616412815, 110),
(41616412815, 111),
(41616412815, 112),
(41616412815, 113),
(41616412815, 198),
(41716412815, 104),
(41716412815, 105),
(41716412815, 106),
(41716412815, 107),
(41716412815, 108),
(41716412815, 109),
(41716412815, 110),
(41716412815, 111),
(41716412815, 112),
(41716412815, 113),
(41716412815, 198),
(41816412815, 104),
(41816412815, 105),
(41816412815, 106),
(41816412815, 107),
(41816412815, 108),
(41816412815, 109),
(41816412815, 110),
(41816412815, 111),
(41816412815, 112),
(41816412815, 113),
(41816412815, 198),
(41916412815, 104),
(41916412815, 105),
(41916412815, 106),
(41916412815, 107),
(41916412815, 108),
(41916412815, 109),
(41916412815, 110),
(41916412815, 111),
(41916412815, 112),
(41916412815, 113),
(41916412815, 198),
(42016412815, 104),
(42016412815, 105),
(42016412815, 106),
(42016412815, 107),
(42016412815, 108),
(42016412815, 109),
(42016412815, 110),
(42016412815, 111),
(42016412815, 112),
(42016412815, 113),
(42016412815, 198),
(42116412815, 104),
(42116412815, 105),
(42116412815, 106),
(42116412815, 107),
(42116412815, 108),
(42116412815, 109),
(42116412815, 110),
(42116412815, 111),
(42116412815, 112),
(42116412815, 113),
(42116412815, 198),
(60016412815, 104),
(60016412815, 105),
(60016412815, 106),
(60016412815, 107),
(60016412815, 108),
(60016412815, 109),
(60016412815, 110),
(60016412815, 111),
(60016412815, 112),
(60016412815, 113),
(60016412815, 198),
(60116412815, 104),
(60116412815, 105),
(60116412815, 106),
(60116412815, 107),
(60116412815, 108),
(60116412815, 109),
(60116412815, 110),
(60116412815, 111),
(60116412815, 112),
(60116412815, 113),
(60116412815, 198),
(60216412815, 104),
(60216412815, 105),
(60216412815, 106),
(60216412815, 107),
(60216412815, 108),
(60216412815, 109),
(60216412815, 110),
(60216412815, 111),
(60216412815, 112),
(60216412815, 113),
(60216412815, 198),
(60316412815, 104),
(60316412815, 105),
(60316412815, 106),
(60316412815, 107),
(60316412815, 108),
(60316412815, 109),
(60316412815, 110),
(60316412815, 111),
(60316412815, 112),
(60316412815, 113),
(60316412815, 198),
(60416412815, 104),
(60416412815, 105),
(60416412815, 106),
(60416412815, 107),
(60416412815, 108),
(60416412815, 109),
(60416412815, 110),
(60416412815, 111),
(60416412815, 112),
(60416412815, 113),
(60416412815, 198),
(70116412811, 104),
(70116412811, 105),
(70116412811, 106),
(70116412811, 107),
(70116412811, 108),
(70116412811, 109),
(70116412811, 110),
(70116412811, 111),
(70116412811, 112),
(70116412811, 113),
(70116412811, 198),
(216412814, 126),
(216412814, 127),
(216412814, 129),
(216412814, 130),
(216412814, 132),
(216412814, 214),
(316412814, 126),
(316412814, 127),
(316412814, 129),
(316412814, 130),
(316412814, 132),
(316412814, 214),
(416412814, 126),
(416412814, 127),
(416412814, 129),
(416412814, 130),
(416412814, 132),
(416412814, 214),
(616412814, 126),
(616412814, 127),
(616412814, 129),
(616412814, 130),
(616412814, 132),
(616412814, 214),
(716412814, 126),
(716412814, 127),
(716412814, 129),
(716412814, 130),
(716412814, 132),
(716412814, 214),
(816412814, 126),
(816412814, 127),
(816412814, 129),
(816412814, 130),
(816412814, 132),
(816412814, 214),
(1116412814, 126),
(1116412814, 127),
(1116412814, 129),
(1116412814, 130),
(1116412814, 132),
(1116412814, 214),
(1416412814, 126),
(1416412814, 127),
(1416412814, 129),
(1416412814, 130),
(1416412814, 132),
(1416412814, 214),
(1616412814, 126),
(1616412814, 127),
(1616412814, 129),
(1616412814, 130),
(1616412814, 132),
(1616412814, 214),
(1716412814, 126),
(1716412814, 127),
(1716412814, 129),
(1716412814, 130),
(1716412814, 132),
(1716412814, 214),
(1916412814, 126),
(1916412814, 127),
(1916412814, 129),
(1916412814, 130),
(1916412814, 132),
(1916412814, 214),
(2016412814, 126),
(2016412814, 127),
(2016412814, 129),
(2016412814, 130),
(2016412814, 132),
(2016412814, 214),
(2316412814, 126),
(2316412814, 127),
(2316412814, 129),
(2316412814, 130),
(2316412814, 132),
(2316412814, 214),
(2416412814, 126),
(2416412814, 127),
(2416412814, 129),
(2416412814, 130),
(2416412814, 132),
(2416412814, 214),
(2616412814, 126),
(2616412814, 127),
(2616412814, 129),
(2616412814, 130),
(2616412814, 132),
(2616412814, 214),
(2716412814, 126),
(2716412814, 127),
(2716412814, 129),
(2716412814, 130),
(2716412814, 132),
(2716412814, 214),
(2816412814, 126),
(2816412814, 127),
(2816412814, 129),
(2816412814, 130),
(2816412814, 132),
(2816412814, 214),
(2916412814, 126),
(2916412814, 127),
(2916412814, 129),
(2916412814, 130),
(2916412814, 132),
(2916412814, 214),
(3116412814, 126),
(3116412814, 127),
(3116412814, 129),
(3116412814, 130),
(3116412814, 132),
(3116412814, 214),
(3216412814, 126),
(3216412814, 127),
(3216412814, 129),
(3216412814, 130),
(3216412814, 132),
(3216412814, 214),
(3416412814, 126),
(3416412814, 127),
(3416412814, 129),
(3416412814, 130),
(3416412814, 132),
(3416412814, 214),
(3516412814, 126),
(3516412814, 127),
(3516412814, 129),
(3516412814, 130),
(3516412814, 132),
(3516412814, 214),
(3616412814, 126),
(3616412814, 127),
(3616412814, 129),
(3616412814, 130),
(3616412814, 132),
(3616412814, 214),
(3716412814, 126),
(3716412814, 127),
(3716412814, 129),
(3716412814, 130),
(3716412814, 132),
(3716412814, 214),
(3916412814, 126),
(3916412814, 127),
(3916412814, 129),
(3916412814, 130),
(3916412814, 132),
(3916412814, 214),
(4116412814, 126),
(4116412814, 127),
(4116412814, 129),
(4116412814, 130),
(4116412814, 132),
(4116412814, 214),
(4216412814, 126),
(4216412814, 127),
(4216412814, 129),
(4216412814, 130),
(4216412814, 132),
(4216412814, 214),
(4316412814, 126),
(4316412814, 127),
(4316412814, 129),
(4316412814, 130),
(4316412814, 132),
(4316412814, 214),
(4416412814, 126),
(4416412814, 127),
(4416412814, 129),
(4416412814, 130),
(4416412814, 132),
(4416412814, 214),
(4516412814, 126),
(4516412814, 127),
(4516412814, 129),
(4516412814, 130),
(4516412814, 132),
(4516412814, 214),
(4616412814, 126),
(4616412814, 127),
(4616412814, 129),
(4616412814, 130),
(4616412814, 132),
(4616412814, 214),
(4716412814, 126),
(4716412814, 127),
(4716412814, 129),
(4716412814, 130),
(4716412814, 132),
(4716412814, 214),
(4816412814, 126),
(4816412814, 127),
(4816412814, 129),
(4816412814, 130),
(4816412814, 132),
(4816412814, 214),
(4916412814, 126),
(4916412814, 127),
(4916412814, 129),
(4916412814, 130),
(4916412814, 132),
(4916412814, 214),
(5016412814, 126),
(5016412814, 127),
(5016412814, 129),
(5016412814, 130),
(5016412814, 132),
(5016412814, 214),
(5116412814, 126),
(5116412814, 127),
(5116412814, 129),
(5116412814, 130),
(5116412814, 132),
(5116412814, 214),
(5216412814, 126),
(5216412814, 127),
(5216412814, 129),
(5216412814, 130),
(5216412814, 132),
(5216412814, 214),
(5316412814, 126),
(5316412814, 127),
(5316412814, 129),
(5316412814, 130),
(5316412814, 132),
(5316412814, 214),
(5416412814, 126),
(5416412814, 127),
(5416412814, 129),
(5416412814, 130),
(5416412814, 132),
(5416412814, 214),
(5516412814, 126),
(5516412814, 127),
(5516412814, 129),
(5516412814, 130),
(5516412814, 132),
(5516412814, 214),
(5616412814, 126),
(5616412814, 127),
(5616412814, 129),
(5616412814, 130),
(5616412814, 132),
(5616412814, 214),
(5716412814, 126),
(5716412814, 127),
(5716412814, 129),
(5716412814, 130),
(5716412814, 132),
(5716412814, 214),
(5816412814, 126),
(5816412814, 127),
(5816412814, 129),
(5816412814, 130),
(5816412814, 132),
(5816412814, 214),
(6016412814, 126),
(6016412814, 127),
(6016412814, 129),
(6016412814, 130),
(6016412814, 132),
(6016412814, 214),
(6116412814, 126),
(6116412814, 127),
(6116412814, 129),
(6116412814, 130),
(6116412814, 132),
(6116412814, 214),
(6216412814, 126),
(6216412814, 127),
(6216412814, 129),
(6216412814, 130),
(6216412814, 132),
(6216412814, 214),
(6316412814, 126),
(6316412814, 127),
(6316412814, 129),
(6316412814, 130),
(6316412814, 132),
(6316412814, 214),
(6416412814, 126),
(6416412814, 127),
(6416412814, 129),
(6416412814, 130),
(6416412814, 132),
(6416412814, 214),
(6516412814, 126),
(6516412814, 127),
(6516412814, 129),
(6516412814, 130),
(6516412814, 132),
(6516412814, 214),
(6616412814, 126),
(6616412814, 127),
(6616412814, 129),
(6616412814, 130),
(6616412814, 132),
(6616412814, 214),
(6716412814, 126),
(6716412814, 127),
(6716412814, 129),
(6716412814, 130),
(6716412814, 132),
(6716412814, 214),
(6816412814, 126),
(6816412814, 127),
(6816412814, 129),
(6816412814, 130),
(6816412814, 132),
(6816412814, 214),
(6916412814, 126),
(6916412814, 127),
(6916412814, 129),
(6916412814, 130),
(6916412814, 132),
(6916412814, 214),
(7116412814, 126),
(7116412814, 127),
(7116412814, 129),
(7116412814, 130),
(7116412814, 132),
(7116412814, 214),
(7216412814, 126),
(7216412814, 127),
(7216412814, 129),
(7216412814, 130),
(7216412814, 132),
(7216412814, 214),
(7316412814, 126),
(7316412814, 127),
(7316412814, 129),
(7316412814, 130),
(7316412814, 132),
(7316412814, 214),
(7416412814, 126),
(7416412814, 127),
(7416412814, 129),
(7416412814, 130),
(7416412814, 132),
(7416412814, 214),
(7516412814, 126),
(7516412814, 127),
(7516412814, 129),
(7516412814, 130),
(7516412814, 132),
(7516412814, 214),
(7616412814, 126),
(7616412814, 127),
(7616412814, 129),
(7616412814, 130),
(7616412814, 132),
(7616412814, 214),
(7716412814, 126),
(7716412814, 127),
(7716412814, 129),
(7716412814, 130),
(7716412814, 132),
(7716412814, 214),
(7816412814, 126),
(7816412814, 127),
(7816412814, 129),
(7816412814, 130),
(7816412814, 132),
(7816412814, 214),
(7916412814, 126),
(7916412814, 127),
(7916412814, 129),
(7916412814, 130),
(7916412814, 132),
(7916412814, 214),
(8016412814, 126),
(8016412814, 127),
(8016412814, 129),
(8016412814, 130),
(8016412814, 132),
(8016412814, 214),
(8116412814, 126),
(8116412814, 127),
(8116412814, 129),
(8116412814, 130),
(8116412814, 132),
(8116412814, 214),
(8216412814, 126),
(8216412814, 127),
(8216412814, 129),
(8216412814, 130),
(8216412814, 132),
(8216412814, 214),
(8316412814, 126),
(8316412814, 127),
(8316412814, 129),
(8316412814, 130),
(8316412814, 132),
(8316412814, 214),
(8416412814, 126),
(8416412814, 127),
(8416412814, 129),
(8416412814, 130),
(8416412814, 132),
(8416412814, 214),
(8516412814, 126),
(8516412814, 127),
(8516412814, 129),
(8516412814, 130),
(8516412814, 132),
(8516412814, 214),
(8616412814, 126),
(8616412814, 127),
(8616412814, 129),
(8616412814, 130),
(8616412814, 132),
(8616412814, 214),
(60016412814, 126),
(60016412814, 127),
(60016412814, 129),
(60016412814, 130),
(60016412814, 132),
(60016412814, 214),
(60116412814, 126),
(60116412814, 127),
(60116412814, 129),
(60116412814, 130),
(60116412814, 132),
(60116412814, 214),
(60216412814, 126),
(60216412814, 127),
(60216412814, 129),
(60216412814, 130),
(60216412814, 132),
(60216412814, 214),
(60316412814, 126),
(60316412814, 127),
(60316412814, 129),
(60316412814, 130),
(60316412814, 132),
(60316412814, 214),
(60416412814, 126),
(60416412814, 127),
(60416412814, 129),
(60416412814, 130),
(60416412814, 132),
(60416412814, 214),
(60516412814, 126),
(60516412814, 127),
(60516412814, 129),
(60516412814, 130),
(60516412814, 132),
(60516412814, 214),
(216403214, 159),
(216403214, 160),
(216403214, 161),
(216403214, 162),
(216403214, 163),
(216403214, 164),
(216403214, 165),
(316403214, 159),
(316403214, 160),
(316403214, 161),
(316403214, 162),
(316403214, 163),
(316403214, 164),
(316403214, 165),
(516403214, 159),
(516403214, 160),
(516403214, 161),
(516403214, 162),
(516403214, 163),
(516403214, 164),
(516403214, 165),
(616403214, 159),
(616403214, 160),
(616403214, 161),
(616403214, 162),
(616403214, 163),
(616403214, 164),
(616403214, 165),
(716403214, 159),
(716403214, 160),
(716403214, 161),
(716403214, 162),
(716403214, 163),
(716403214, 164),
(716403214, 165),
(816403214, 159),
(816403214, 160),
(816403214, 161),
(816403214, 162),
(816403214, 163),
(816403214, 164),
(816403214, 165),
(1116403214, 159),
(1116403214, 160),
(1116403214, 161),
(1116403214, 162),
(1116403214, 163),
(1116403214, 164),
(1116403214, 165),
(1216403214, 159),
(1216403214, 160),
(1216403214, 161),
(1216403214, 162),
(1216403214, 163),
(1216403214, 164),
(1216403214, 165),
(1316403214, 159),
(1316403214, 160),
(1316403214, 161),
(1316403214, 162),
(1316403214, 163),
(1316403214, 164),
(1316403214, 165),
(1416403214, 159),
(1416403214, 160),
(1416403214, 161),
(1416403214, 162),
(1416403214, 163),
(1416403214, 164),
(1416403214, 165),
(1516403214, 159),
(1516403214, 160),
(1516403214, 161),
(1516403214, 162),
(1516403214, 163),
(1516403214, 164),
(1516403214, 165),
(1616403214, 159),
(1616403214, 160),
(1616403214, 161),
(1616403214, 162),
(1616403214, 163),
(1616403214, 164),
(1616403214, 165),
(1716403214, 159),
(1716403214, 160),
(1716403214, 161),
(1716403214, 162),
(1716403214, 163),
(1716403214, 164),
(1716403214, 165),
(1816403214, 159),
(1816403214, 160),
(1816403214, 161),
(1816403214, 162),
(1816403214, 163),
(1816403214, 164),
(1816403214, 165),
(2016403214, 159),
(2016403214, 160),
(2016403214, 161),
(2016403214, 162),
(2016403214, 163),
(2016403214, 164),
(2016403214, 165),
(2316403214, 159),
(2316403214, 160),
(2316403214, 161),
(2316403214, 162),
(2316403214, 163),
(2316403214, 164),
(2316403214, 165),
(2716403214, 159),
(2716403214, 160),
(2716403214, 161),
(2716403214, 162),
(2716403214, 163),
(2716403214, 164),
(2716403214, 165),
(2916403214, 159),
(2916403214, 160),
(2916403214, 161),
(2916403214, 162),
(2916403214, 163),
(2916403214, 164),
(2916403214, 165),
(3016403214, 159),
(3016403214, 160),
(3016403214, 161),
(3016403214, 162),
(3016403214, 163),
(3016403214, 164),
(3016403214, 165),
(3116403214, 159),
(3116403214, 160),
(3116403214, 161),
(3116403214, 162),
(3116403214, 163),
(3116403214, 164),
(3116403214, 165),
(3216403214, 159),
(3216403214, 160),
(3216403214, 161),
(3216403214, 162),
(3216403214, 163),
(3216403214, 164),
(3216403214, 165),
(3316403214, 159),
(3316403214, 160),
(3316403214, 161),
(3316403214, 162),
(3316403214, 163),
(3316403214, 164),
(3316403214, 165),
(3516403214, 159),
(3516403214, 160),
(3516403214, 161),
(3516403214, 162),
(3516403214, 163),
(3516403214, 164),
(3516403214, 165),
(3616403214, 159),
(3616403214, 160),
(3616403214, 161),
(3616403214, 162),
(3616403214, 163),
(3616403214, 164),
(3616403214, 165),
(3816403214, 159),
(3816403214, 160),
(3816403214, 161),
(3816403214, 162),
(3816403214, 163),
(3816403214, 164),
(3816403214, 165),
(4016403214, 159),
(4016403214, 160),
(4016403214, 161),
(4016403214, 162),
(4016403214, 163),
(4016403214, 164),
(4016403214, 165),
(4116403214, 159),
(4116403214, 160),
(4116403214, 161),
(4116403214, 162),
(4116403214, 163),
(4116403214, 164),
(4116403214, 165),
(4316403214, 159),
(4316403214, 160),
(4316403214, 161),
(4316403214, 162),
(4316403214, 163),
(4316403214, 164),
(4316403214, 165),
(4616403214, 159),
(4616403214, 160),
(4616403214, 161),
(4616403214, 162),
(4616403214, 163),
(4616403214, 164),
(4616403214, 165),
(4716403214, 159),
(4716403214, 160),
(4716403214, 161),
(4716403214, 162),
(4716403214, 163),
(4716403214, 164),
(4716403214, 165),
(4816403214, 159),
(4816403214, 160),
(4816403214, 161),
(4816403214, 162),
(4816403214, 163),
(4816403214, 164),
(4816403214, 165),
(4916403214, 159),
(4916403214, 160),
(4916403214, 161),
(4916403214, 162),
(4916403214, 163),
(4916403214, 164),
(4916403214, 165),
(5016403214, 159),
(5016403214, 160),
(5016403214, 161),
(5016403214, 162),
(5016403214, 163),
(5016403214, 164),
(5016403214, 165),
(5116403214, 159),
(5116403214, 160),
(5116403214, 161),
(5116403214, 162),
(5116403214, 163),
(5116403214, 164),
(5116403214, 165),
(5216403214, 159),
(5216403214, 160),
(5216403214, 161),
(5216403214, 162),
(5216403214, 163),
(5216403214, 164),
(5216403214, 165),
(5316403214, 159),
(5316403214, 160),
(5316403214, 161),
(5316403214, 162),
(5316403214, 163),
(5316403214, 164),
(5316403214, 165),
(5416403214, 159),
(5416403214, 160),
(5416403214, 161),
(5416403214, 162),
(5416403214, 163),
(5416403214, 164),
(5416403214, 165),
(5516403214, 159),
(5516403214, 160),
(5516403214, 161),
(5516403214, 162),
(5516403214, 163),
(5516403214, 164),
(5516403214, 165),
(5616403214, 159),
(5616403214, 160),
(5616403214, 161),
(5616403214, 162),
(5616403214, 163),
(5616403214, 164),
(5616403214, 165),
(5716403214, 159),
(5716403214, 160),
(5716403214, 161),
(5716403214, 162),
(5716403214, 163),
(5716403214, 164),
(5716403214, 165),
(5916403214, 159),
(5916403214, 160),
(5916403214, 161),
(5916403214, 162),
(5916403214, 163),
(5916403214, 164),
(5916403214, 165),
(6016403214, 159),
(6016403214, 160),
(6016403214, 161),
(6016403214, 162),
(6016403214, 163),
(6016403214, 164),
(6016403214, 165),
(6216403214, 159),
(6216403214, 160),
(6216403214, 161),
(6216403214, 162),
(6216403214, 163),
(6216403214, 164),
(6216403214, 165),
(6316403214, 159),
(6316403214, 160),
(6316403214, 161),
(6316403214, 162),
(6316403214, 163),
(6316403214, 164),
(6316403214, 165),
(6416403214, 159),
(6416403214, 160),
(6416403214, 161),
(6416403214, 162),
(6416403214, 163),
(6416403214, 164),
(6416403214, 165),
(6516403214, 159),
(6516403214, 160),
(6516403214, 161),
(6516403214, 162),
(6516403214, 163),
(6516403214, 164),
(6516403214, 165),
(6716403214, 159),
(6716403214, 160),
(6716403214, 161),
(6716403214, 162),
(6716403214, 163),
(6716403214, 164),
(6716403214, 165),
(6816403214, 159),
(6816403214, 160),
(6816403214, 161),
(6816403214, 162),
(6816403214, 163),
(6816403214, 164),
(6816403214, 165),
(6916403214, 159),
(6916403214, 160),
(6916403214, 161),
(6916403214, 162),
(6916403214, 163),
(6916403214, 164),
(6916403214, 165),
(7016403214, 159),
(7016403214, 160),
(7016403214, 161),
(7016403214, 162),
(7016403214, 163),
(7016403214, 164),
(7016403214, 165),
(7116403214, 159),
(7116403214, 160),
(7116403214, 161),
(7116403214, 162),
(7116403214, 163),
(7116403214, 164),
(7116403214, 165),
(7216403213, 159),
(7216403213, 160),
(7216403213, 161),
(7216403213, 162),
(7216403213, 163),
(7216403213, 164),
(7216403213, 165),
(7216403214, 159),
(7216403214, 160),
(7216403214, 161),
(7216403214, 162),
(7216403214, 163),
(7216403214, 164),
(7216403214, 165),
(7316403214, 159),
(7316403214, 160),
(7316403214, 161),
(7316403214, 162),
(7316403214, 163),
(7316403214, 164),
(7316403214, 165),
(7416403214, 159),
(7416403214, 160),
(7416403214, 161),
(7416403214, 162),
(7416403214, 163),
(7416403214, 164),
(7416403214, 165),
(7716403214, 159),
(7716403214, 160),
(7716403214, 161),
(7716403214, 162),
(7716403214, 163),
(7716403214, 164),
(7716403214, 165),
(7816403214, 159),
(7816403214, 160),
(7816403214, 161),
(7816403214, 162),
(7816403214, 163),
(7816403214, 164),
(7816403214, 165),
(7916403214, 159),
(7916403214, 160),
(7916403214, 161),
(7916403214, 162),
(7916403214, 163),
(7916403214, 164),
(7916403214, 165),
(8016403214, 159),
(8016403214, 160),
(8016403214, 161),
(8016403214, 162),
(8016403214, 163),
(8016403214, 164),
(8016403214, 165),
(8116403214, 159),
(8116403214, 160),
(8116403214, 161),
(8116403214, 162),
(8116403214, 163),
(8116403214, 164),
(8116403214, 165),
(8216403214, 159),
(8216403214, 160),
(8216403214, 161),
(8216403214, 162),
(8216403214, 163),
(8216403214, 164),
(8216403214, 165),
(8316403214, 159),
(8316403214, 160),
(8316403214, 161),
(8316403214, 162),
(8316403214, 163),
(8316403214, 164),
(8316403214, 165),
(8416403214, 159),
(8416403214, 160),
(8416403214, 161),
(8416403214, 162),
(8416403214, 163),
(8416403214, 164),
(8416403214, 165),
(8516403214, 159),
(8516403214, 160),
(8516403214, 161),
(8516403214, 162),
(8516403214, 163),
(8516403214, 164),
(8516403214, 165),
(8616403214, 159),
(8616403214, 160),
(8616403214, 161),
(8616403214, 162),
(8616403214, 163),
(8616403214, 164),
(8616403214, 165),
(40016403214, 159),
(40016403214, 160),
(40016403214, 161),
(40016403214, 162),
(40016403214, 163),
(40016403214, 164),
(40016403214, 165),
(40116403214, 159),
(40116403214, 160),
(40116403214, 161),
(40116403214, 162),
(40116403214, 163),
(40116403214, 164),
(40116403214, 165),
(40316403214, 159),
(40316403214, 160),
(40316403214, 161),
(40316403214, 162),
(40316403214, 163),
(40316403214, 164),
(40316403214, 165),
(40416403214, 159),
(40416403214, 160),
(40416403214, 161),
(40416403214, 162),
(40416403214, 163),
(40416403214, 164),
(40416403214, 165),
(40516403214, 159),
(40516403214, 160),
(40516403214, 161),
(40516403214, 162),
(40516403214, 163),
(40516403214, 164),
(40516403214, 165),
(40616403214, 159),
(40616403214, 160),
(40616403214, 161),
(40616403214, 162),
(40616403214, 163),
(40616403214, 164),
(40616403214, 165),
(40716403214, 159),
(40716403214, 160),
(40716403214, 161),
(40716403214, 162),
(40716403214, 163),
(40716403214, 164),
(40716403214, 165),
(40816403214, 159),
(40816403214, 160),
(40816403214, 161),
(40816403214, 162),
(40816403214, 163),
(40816403214, 164),
(40816403214, 165),
(60016403214, 159),
(60016403214, 160),
(60016403214, 161),
(60016403214, 162),
(60016403214, 163),
(60016403214, 164),
(60016403214, 165),
(60116403214, 159),
(60116403214, 160),
(60116403214, 161),
(60116403214, 162),
(60116403214, 163),
(60116403214, 164),
(60116403214, 165),
(60216403214, 159),
(60216403214, 160),
(60216403214, 161),
(60216403214, 162),
(60216403214, 163),
(60216403214, 164),
(60216403214, 165),
(60316403214, 159),
(60316403214, 160),
(60316403214, 161),
(60316403214, 162),
(60316403214, 163),
(60316403214, 164),
(60316403214, 165);

-- --------------------------------------------------------

--
-- Table structure for table `usict_subject_allocation`
--

CREATE TABLE `usict_subject_allocation` (
  `subject_id` int(11) NOT NULL,
  `batch_id` int(11) NOT NULL,
  `subject_code` varchar(20) NOT NULL,
  `instructor_code` varchar(20) NOT NULL,
  `subject_name` varchar(100) NOT NULL,
  `type` varchar(15) NOT NULL,
  `course` varchar(10) NOT NULL,
  `stream` varchar(10) NOT NULL,
  `semester` int(8) NOT NULL
) ENGINE=InnoDB DEFAULT CHARSET=latin1;

--
-- Dumping data for table `usict_subject_allocation`
--

INSERT INTO `usict_subject_allocation` (`subject_id`, `batch_id`, `subject_code`, `instructor_code`, `subject_name`, `type`, `course`, `stream`, `semester`) VALUES
(1, 1, 'MECS-613', '30475', 'Advanced Operating Systems', 'Theory', 'MTECH', 'IT', 1),
(2, 1, 'MECS-601', '30188', 'Advanced Data Structures', 'Theory', 'MTECH', 'IT', 1),
(3, 1, 'MECS-603', '30204', 'Advanced Software Engineering', 'Theory', 'MTECH', 'IT', 1),
(4, 1, 'MECS-605', '30564', 'Advanced in Data & computer Communication', 'Theory', 'MTECH', 'IT', 1),
(6, 1, 'MEIT-655', '30564', 'Advanced Computer Networking Lab', 'Practical', 'MTECH', 'IT', 1),
(7, 1, 'MEIT- 653', '30474', 'Software Engineering Lab', 'Practical', 'MTECH', 'IT', 1),
(8, 1, 'MEIT-651', '30706', 'Advanced Data Structure Lab', 'Practical', 'MTECH', 'IT', 1),
(9, 2, 'MECS-613', '30475', 'Advanced Operating Systems', 'Theory', 'MTECH', 'CSE', 1),
(10, 2, 'MECS-601', '30188', 'Advanced Data Structures', 'Theory', 'MTECH', 'CSE', 1),
(11, 2, 'MECS-603', '30204', 'Advanced Software Engineering', 'Theory', 'MTECH', 'CSE', 1),
(12, 2, 'MECS-605', '30564', 'Advances in Data & computer Communication', 'Theory', 'MTECH', 'CSE', 1),
(14, 2, 'MECS-655', '30564', 'Advanced Computer Networking Lab', 'Practical', 'MTECH', 'CSE', 1),
(15, 2, 'MECS- 653', '30474', 'Software Engineering Lab', 'Practical', 'MTECH', 'CSE', 1),
(16, 2, 'MECS-651', '30475', 'Algorithm Analysis Lab', 'Practical', 'MTECH', 'CSE', 1),
(17, 5, 'IT-301', '30474', 'Theory of Computation', 'Theory', 'BTECH', 'CSE', 5),
(18, 5, 'IT-303', '30494', 'Analog and Digital Communication', 'Theory', 'BTECH', 'CSE', 5),
(19, 5, 'IT-305', '30746', 'Computer Architecture', 'Theory', 'BTECH', 'CSE', 5),
(20, 5, 'IT-307', '30109', 'Digital Signal Processing', 'Theory', 'BTECH', 'CSE', 5),
(21, 5, 'IT-309', '', 'Object Oriented Software Engineering', 'Theory', 'BTECH', 'CSE', 5),
(22, 5, 'IT-311', '30228', 'Digital Design using VHDL', 'Theory', 'BTECH', 'CSE', 5),
(23, 5, 'IT-351', '30494', 'Analog & Digital Communication Lab', 'Practical', 'BTECH', 'CSE', 5),
(24, 5, 'IT-353', '30714', 'Digital Signal Processing Lab', 'Practical', 'BTECH', 'CSE', 5),
(25, 5, 'IT-355', '30228', 'Digital Design Lab', 'Practical', 'BTECH', 'CSE', 5),
(26, 3, 'MEIT-703', '30303', 'ITC', 'Theory', 'MTECH', 'IT', 3),
(27, 3, 'MECS-701', '30296', 'DWDM', 'Theory', 'MTECH', 'IT', 3),
(28, 3, 'MEIT-703', '30445', 'AST', 'Theory', 'MTECH', 'IT', 3),
(29, 3, 'MEEC-707', '30750', 'ANN', 'Theory', 'MTECH', 'IT', 3),
(30, 3, 'MECS-711', '30585', 'SQM', 'Theory', 'MTECH', 'IT', 3),
(31, 3, 'MECS-717', '30466', 'CCI&CF', 'Theory', 'MTECH', 'IT', 3),
(32, 3, 'MEIT-753', '30303', 'ITC', 'Practical', 'MTECH', 'IT', 3),
(33, 3, 'MEIT-751', '30740', 'DWDM', 'Practical', 'MTECH', 'IT', 3),
(34, 6, 'MEEC-701', '30492', 'ADHOC SENSOR NETWORKS', 'Theory', 'MTECH', 'ECE', 3),
(35, 6, 'MERF-601', '30771', 'ADVANCE ELECTROMAGNETIC ENGINEERING', 'Theory', 'MTECH', 'ECE', 3),
(36, 6, 'MEEC-713', '30733', 'MEMS AND SENSOR TECHNOLOGY', 'Theory', 'MTECH', 'ECE', 3),
(37, 6, 'MEEC-715', '30778', 'BROADBAND ACCESS TECHNOLOGY', 'Theory', 'MTECH', 'ECE', 3),
(38, 6, 'MEEC-721', '30742', 'MICROWAVE PLANAR TRANSMISSION LINES AND CIRCUITS', 'Theory', 'MTECH', 'ECE', 3),
(39, 6, 'MEEC-751', '30771', 'Lab-7', 'Practical', 'MTECH', 'ECE', 3),
(40, 6, 'MEEC-753', '30492', 'Lab-8', 'Practical', 'MTECH', 'ECE', 3),
(41, 7, 'IT 201', 'USICT30003', 'COMPUTATIONAL METHODS', 'Theory', 'BTECH', 'IT', 3),
(42, 7, 'IT 203', '30714', 'CIRCUITS AND SYSTEM', 'Theory', 'BTECH', 'IT', 3),
(43, 7, 'IT 205', '30734', 'ELECTRONI DEVICES & CIRCUIT', 'Theory', 'BTECH', 'IT', 3),
(44, 7, 'IT 207', '30741', 'OOPS', 'Theory', 'BTECH', 'IT', 3),
(45, 7, 'IT 209', '30286', 'COMPUTER GRAPHICS', 'Theory', 'BTECH', 'IT', 3),
(46, 7, 'IT211', '30093', 'DBMS', 'Theory', 'BTECH', 'IT', 3),
(47, 7, 'IT 251', '30734', 'EDC LAB', 'Practical', 'BTECH', 'IT', 3),
(48, 7, 'IT 253', 'USICT30004', 'COMPUTATIONAL LAB', 'Practical', 'BTECH', 'IT', 3),
(49, 7, 'IT 255', '30566', 'OOPS LAB', 'Practical', 'BTECH', 'IT', 3),
(50, 7, 'IT 257', '30286', 'GRAPHICS LAB', 'Practical', 'BTECH', 'IT', 3),
(51, 7, 'IT 259', '30093', 'DBMS LAB', 'Practical', 'BTECH', 'IT', 3),
(52, 8, 'IT-313', '30714', 'Communication Systems', 'Theory', 'BTECH', 'IT', 5),
(53, 8, 'IT-305', '30543', 'Computer Architecture', 'Theory', 'BTECH', 'IT', 5),
(54, 8, 'IT-315', '30795', 'Linux & Win32 Programming', 'Theory', 'BTECH', 'IT', 5),
(55, 8, 'IT-309', 'USICT30002', 'Object Oriented Software Engineering', 'Theory', 'BTECH', 'IT', 5),
(56, 8, 'IT-307', '30761', 'Digital Signal Processing', 'Theory', 'BTECH', 'IT', 5),
(57, 8, 'IT-317', '30475', 'Operating Systems', 'Theory', 'BTECH', 'IT', 5),
(58, 8, 'IT-359', '', 'Object Oriented Software Engineering Lab', 'Practical', 'BTECH', 'IT', 5),
(59, 8, 'IT-353', '30761', 'Digital Signal Processing Lab', 'Practical', 'BTECH', 'IT', 5),
(60, 8, 'IT-361', '30466', 'Linux & Win32 Programming Lab', 'Practical', 'BTECH', 'IT', 5),
(61, 9, 'IT401', '30706', 'Advanced Computer Networks', 'Theory', 'BTECH', 'IT', 7),
(62, 9, 'IT413', '30597', 'Front End Design Tools and Web Technologies', 'Theory', 'BTECH', 'IT', 7),
(63, 9, 'IT403', '30286', 'Software Testing', 'Theory', 'BTECH', 'IT', 7),
(64, 9, 'IT421', '30296', 'Data Warehousing And Mining', 'Theory', 'BTECH', 'IT', 7),
(65, 9, 'IT451', '30706', 'ACN Lab.', 'Practical', 'BTECH', 'IT', 7),
(66, 9, 'IT459', 'USICT30004', 'FEDT and Web Technology Lab.', 'Practical', 'BTECH', 'IT', 7),
(67, 9, 'IT455', '30597', 'Software Testing Lab.', 'Practical', 'BTECH', 'IT', 7),
(68, 10, 'IT - 803', '30741', 'Linux administration', 'Theory', 'MCA', 'SE', 5),
(69, 10, 'IT - 801', '30445', 'Software verifications validation and testing', 'Theory', 'MCA', 'SE', 5),
(70, 10, 'IT - 805', '30536', 'Advanced computer networks', 'Theory', 'MCA', 'SE', 5),
(71, 10, 'IT - 807', '30080', 'Multimedia applications', 'Theory', 'MCA', 'SE', 5),
(72, 10, 'IT - 716', '30585', 'Software Quality Management', 'Theory', 'MCA', 'SE', 5),
(73, 10, 'IT - 712', '', 'Software Requirement Estimation', 'Theory', 'MCA', 'SE', 5),
(74, 10, 'IT - 853', '30741', 'Linux Lab', 'Practical', 'MCA', 'SE', 5),
(75, 10, 'IT - 857', '30741', 'Multimedia lab', 'Practical', 'MCA', 'SE', 5),
(76, 10, 'IT- 855', '30536', 'Advanced Computer Networks lab', 'Practical', 'MCA', 'SE', 5),
(77, 10, 'IT - 851', '30618', 'SVVT lab', 'Practical', 'MCA', 'SE', 5),
(78, 11, 'MEEC-601', '30617', 'Optoelectronics and Optical fibre communication', 'Theory', 'MTECH', 'ECE', 1),
(79, 11, 'MEDC-601', '30494', 'Advanced Digital Communication systems', 'Theory', 'MTECH', 'ECE', 1),
(80, 11, 'MEVS -603', '30747', 'VLSI Technology', 'Theory', 'MTECH', 'ECE', 1),
(81, 11, 'MEEC-607', '30566', 'Advanced Computer Networks', 'Theory', 'MTECH', 'ECE', 1),
(82, 11, 'MEVS-613', '30543', 'Wireless Networks', 'Theory', 'MTECH', 'ECE', 1),
(83, 11, 'MEEC-651', '30617', 'Lab  1 (OOFC Lab)', 'Practical', 'MTECH', 'ECE', 1),
(84, 11, 'MEEC-653', '30494', 'Lab  2 (ADCS Lab)', 'Practical', 'MTECH', 'ECE', 1),
(85, 11, 'MEEC-655', '30747', 'Lab -3 (VLSI Lab)', 'Practical', 'MTECH', 'ECE', 1),
(86, 12, 'MERA-601', '30492', 'Computational Mathematics', 'Theory', 'MTECH', 'RA', 1),
(87, 12, 'MERA-603', '30220', 'Robotics Engineering', 'Theory', 'MTECH', 'RA', 1),
(88, 12, 'MERA-605', '30775', 'Introduction to Manufacturing Systems', 'Theory', 'MTECH', 'RA', 1),
(89, 12, 'MERA-607', '30617', 'Introduction to Electrical and Electronics  Systems', 'Theory', 'MTECH', 'RA', 1),
(90, 12, 'MERA-609', '30779', 'Control System', 'Theory', 'MTECH', 'RA', 1),
(91, 12, 'MERA-619', '30759', 'Mechatronics  Systems and Applications', 'Theory', 'MTECH', 'RA', 1),
(92, 12, 'MERA-651', '30492', 'Lab -I (Computational Lab)', 'Practical', 'MTECH', 'RA', 1),
(93, 12, 'MERA-653', '30220', 'Lab-II (Robotics Engineering Lab)', 'Practical', 'MTECH', 'RA', 1),
(94, 12, 'MERA-655', '30779', 'Lab-III (Control System)', 'Practical', 'MTECH', 'RA', 1),
(95, 13, 'IT-701', '30709', 'Java Programming', 'Theory', 'MCA', 'SE', 3),
(96, 13, 'IT-703', '30740', 'Algorithm analysis and Design', 'Theory', 'MCA', 'SE', 3),
(97, 13, 'IT-705', '30093', 'Web Technology', 'Theory', 'MCA', 'SE', 3),
(98, 13, 'IT-707', '30566', 'Computer Networks', 'Theory', 'MCA', 'SE', 3),
(99, 13, 'IT-709', '30466', 'Operating Systems', 'Theory', 'MCA', 'SE', 3),
(100, 13, 'IT-751', '30709', 'Java Programming Lab', 'Practical', 'MCA', 'SE', 3),
(101, 13, 'IT-753', '30740', 'Algorithm analysis and Design Lab', 'Practical', 'MCA', 'SE', 3),
(102, 13, 'IT-755', '30093', 'Web Technology Lab', 'Practical', 'MCA', 'SE', 3),
(103, 13, 'IT-757', '30566', 'Computer Networks Lab', 'Practical', 'MCA', 'SE', 3),
(104, 14, 'EC301', '30733', 'Microwave Devices and Circuits', 'Theory', 'BTECH', 'ECE', 5),
(105, 14, 'EC303', '30618', 'Microprocessors and Interfacing', 'Theory', 'BTECH', 'ECE', 5),
(106, 14, 'EC305', '30707', 'Microelectronics', 'Theory', 'BTECH', 'ECE', 5),
(107, 14, 'EC307', '30303', 'RDBMS', 'Theory', 'BTECH', 'ECE', 5),
(108, 14, 'EC309', '30793', 'Stochastic Systems and Processes', 'Theory', 'BTECH', 'ECE', 5),
(109, 14, 'EC351', '30733', 'Microwave Devices Lab.', 'Practical', 'BTECH', 'ECE', 5),
(110, 14, 'EC353', '30618', 'Microprocessors Lab.', 'Practical', 'BTECH', 'ECE', 5),
(111, 14, 'EC355', '30707', 'Microelectronics Lab.', 'Practical', 'BTECH', 'ECE', 5),
(112, 14, 'EC357', 'USICT30005', 'RDBMS Lab', 'Practical', 'BTECH', 'ECE', 5),
(113, 14, 'EC355', '30714', 'Microelectronics Lab.', 'Practical', 'BTECH', 'ECE', 5),
(114, 15, 'IT-105', '30739', 'Introduction To Computer', 'Theory', 'BTECH', 'IT', 1),
(115, 15, 'BA-103', '30594', 'Chemistry - I', 'Theory', 'BTECH', 'IT', 1),
(116, 15, 'IT-107', '30734', 'Electrical Science', 'Theory', 'BTECH', 'IT', 1),
(117, 15, 'BA-109', 'USICT30006', 'Mathematics - I', 'Theory', 'BTECH', 'IT', 1),
(118, 15, 'HS-101', '30621', 'Communication Skills', 'Theory', 'BTECH', 'IT', 1),
(119, 15, 'BA-111', 'BT300006', 'Physics-I', 'Theory', 'BTECH', 'IT', 1),
(120, 15, 'IT-155', '30739', 'Computer Lab', 'Practical', 'BTECH', 'IT', 1),
(121, 15, 'IT-159', '30734', 'Electrical Science', 'Practical', 'BTECH', 'IT', 1),
(122, 15, 'BA-151', '30476', 'Chemistry - I', 'Practical', 'BTECH', 'IT', 1),
(123, 15, 'BA-153', '30554', 'Physics-I', 'Practical', 'BTECH', 'IT', 1),
(124, 15, 'IT-157', '30775', 'Engineering Graphics-I', 'Practical', 'BTECH', 'IT', 1),
(125, 15, 'BA-153', 'BT300006', 'Physics-I', 'Practical', 'BTECH', 'IT', 1),
(126, 16, 'IT-417', '30707', 'Embedded Systems', 'Theory', 'BTECH', 'ECE', 7),
(127, 16, 'EC-401', '30776', 'Satellite Communicaiton', 'Theory', 'BTECH', 'ECE', 7),
(129, 16, 'MS-425', '30676', 'Principles of Organization Behaviour', 'Theory', 'BTECH', 'ECE', 7),
(130, 16, 'EC-451', '30707', 'Embedded Systems Lab', 'Practical', 'BTECH', 'ECE', 7),
(132, 16, 'EC-453', '30771', 'Matlab ', 'Practical', 'BTECH', 'ECE', 7),
(133, 4, 'MECS-701', '30296', 'Data Warehouse Data Mining', 'Theory', 'MTECH', 'CSE', 3),
(134, 4, 'MECS-703', '30445', 'Software Testing', 'Theory', 'MTECH', 'CSE', 3),
(135, 4, 'MEEC-707', '30750', 'Neural Network', 'Theory', 'MTECH', 'CSE', 3),
(136, 4, 'MECS-711', '30585', 'Software Quality Management', 'Theory', 'MTECH', 'CSE', 3),
(137, 4, 'MECS-717', '30466', 'Cyber Crime Investigation and Cyber Forensic', 'Theory', 'MTECH', 'CSE', 3),
(138, 4, 'MECS-751', '30740', 'Data Warehouse Data Mining', 'Practical', 'MTECH', 'CSE', 3),
(139, 4, 'MECS-753', '30445', 'Software Testing', 'Practical', 'MTECH', 'CSE', 3),
(140, 4, 'MECS-757', '30585', 'Minor Project / Term Paper', 'Practical', 'MTECH', 'CSE', 3),
(141, 17, 'MERA 701', '30220', 'CIM', 'Theory', 'MTECH', 'RA', 3),
(142, 17, 'MERA 703', 'USICT30008', 'COMPUTER VISION', 'Theory', 'MTECH', 'RA', 3),
(143, 17, 'MERA 713', '30750', 'SOFT COMPUTING', 'Theory', 'MTECH', 'RA', 3),
(144, 17, 'MERA 719', '30104', 'SIMULATION AND MODELLING', 'Theory', 'MTECH', 'RA', 3),
(145, 17, 'MERA 721', '30228', 'MACHINE LEARNING', 'Theory', 'MTECH', 'RA', 3),
(146, 17, 'MERA 751', '30761', 'SIMULATION AND MODELLING', 'Practical', 'MTECH', 'RA', 3),
(147, 17, 'MERA 753', '30750', 'SOFT COMPUTING', 'Practical', 'MTECH', 'RA', 3),
(148, 18, 'IT-203', '30104', 'Circuits and Systems', 'Theory', 'BTECH', 'CSE', 3),
(149, 18, 'IT-209', '30080', 'Computer Graphics', 'Theory', 'BTECH', 'CSE', 3),
(150, 18, 'IT-207', '30564', 'Object Oriented Programming using C++', 'Theory', 'BTECH', 'CSE', 3),
(151, 18, 'IT-205', '30767', 'Electronic Devices & Circuits', 'Theory', 'BTECH', 'CSE', 3),
(153, 18, 'IT-201', '30779', 'Computational Methods', 'Theory', 'BTECH', 'CSE', 3),
(154, 18, 'IT-257', '30080', 'Computer Graphics Lab.', 'Practical', 'BTECH', 'CSE', 3),
(155, 18, 'IT-255', '30564', 'Object Oriented Programming using Lab', 'Practical', 'BTECH', 'CSE', 3),
(156, 18, 'IT-251', '30767', 'Electronic Devices & Circuits Lab.', 'Practical', 'BTECH', 'CSE', 3),
(158, 18, 'IT-253', '30778', 'Computation Lab.', 'Practical', 'BTECH', 'CSE', 3),
(159, 19, 'IT-403', '30204', 'Software testing', 'Theory', 'BTECH', 'CSE', 7),
(160, 19, 'IT-413', '30597', 'Front End Design Tools and Web Technologies', 'Theory', 'BTECH', 'CSE', 7),
(161, 19, 'IT-415', '30709', 'Advance Java', 'Theory', 'BTECH', 'CSE', 7),
(162, 19, 'IT-401', '30536', 'Advance Computer Network', 'Theory', 'BTECH', 'CSE', 7),
(163, 19, 'IT-451', '30536', 'Advance Computer Network Lab. ', 'Practical', 'BTECH', 'CSE', 7),
(164, 19, 'IT-461', '30597', 'Software Testing Lab.', 'Practical', 'BTECH', 'CSE', 7),
(165, 19, 'IT-455', '30742', 'Advance Java Lab.', 'Practical', 'BTECH', 'CSE', 7),
(166, 20, 'HS101', 'USICT30009', 'Communication Skills - 1', 'Theory', 'BTECH', 'CSE', 1),
(167, 20, 'BA103', '30594', 'Chemistry - 1', 'Theory', 'BTECH', 'CSE', 1),
(168, 20, 'IT105', '30739', 'Introduction to Computer', 'Theory', 'BTECH', 'CSE', 1),
(169, 20, 'IT107', '30762', 'Electrical Science', 'Theory', 'BTECH', 'CSE', 1),
(170, 20, 'BA109', '30259', 'Mathematics - 1', 'Theory', 'BTECH', 'CSE', 1),
(171, 20, 'BA111', 'BT300006', 'Physics - 1', 'Theory', 'BTECH', 'CSE', 1),
(172, 20, 'HS119*', '30491', 'Impact of Science & Technology on Society', 'Theory', 'BTECH', 'CSE', 1),
(173, 20, 'BA151', '30594', 'Chemistry - 1 Lab', 'Practical', 'BTECH', 'CSE', 1),
(174, 20, 'BA153', 'BT300006', 'Physics - 1 Lab', 'Practical', 'BTECH', 'CSE', 1),
(175, 20, 'IT155', '30739', 'Computer Lab', 'Practical', 'BTECH', 'CSE', 1),
(176, 20, 'IT157', '30775', 'Engineering Graphics -1', 'Practical', 'BTECH', 'CSE', 1),
(177, 20, 'IT159', '30762', 'Electrical science Lab', 'Practical', 'BTECH', 'CSE', 1),
(178, 21, 'IT201', '30779', 'Computational Techniques', 'Theory', 'BTECH', 'ECE', 3),
(179, 21, 'EC203', '30742', 'Communications Systems  I', 'Theory', 'BTECH', 'ECE', 3),
(180, 21, 'EC205', '30771', 'Engineering Electromagnetics', 'Theory', 'BTECH', 'ECE', 3),
(181, 21, 'IT207', '30610', 'Object Oriented Programming Using C++', 'Theory', 'BTECH', 'ECE', 3),
(182, 21, 'EC209', '30747', 'Digital Electronics', 'Theory', 'BTECH', 'ECE', 3),
(183, 21, 'EC211', '30778', 'Analog Electronics II', 'Theory', 'BTECH', 'ECE', 3),
(184, 21, 'EC251', '30492', 'Computational Techniques Lab.', 'Practical', 'BTECH', 'ECE', 3),
(185, 21, 'EC253', '30742', 'Communications Systems  I Lab', 'Practical', 'BTECH', 'ECE', 3),
(186, 21, 'EC255', '30610', 'Object Oriented Programming Using C++ Lab.', 'Practical', 'BTECH', 'ECE', 3),
(187, 21, 'EC257', '30617', 'Digital Electronics Lab', 'Practical', 'BTECH', 'ECE', 3),
(188, 21, 'EC259', '30778', 'Analog Electronics II Lab. ', 'Practical', 'BTECH', 'ECE', 3),
(189, 22, 'IT-601', '30794', 'Information Technology', 'Theory', 'MCA', 'SE', 1),
(190, 22, 'IT-603', '30740', 'Computer Architecture', 'Theory', 'MCA', 'SE', 1),
(191, 22, 'IT-605', '30188', 'Programming and Data Structure', 'Theory', 'MCA', 'SE', 1),
(192, 22, 'IT-607', '30474', 'Foundations of computer Science', 'Theory', 'MCA', 'SE', 1),
(193, 22, 'BA-609', 'USICT30010', 'Mathematics  I', 'Theory', 'MCA', 'SE', 1),
(194, 22, 'IT-651', '30767', 'Information Technology Lab ', 'Practical', 'MCA', 'SE', 1),
(195, 22, 'IT-653', '30585', 'Programming and Data Structure Lab ', 'Practical', 'MCA', 'SE', 1),
(196, 22, 'IT-655', '30543', 'Computer Architecture Lab', 'Practical', 'MCA', 'SE', 1),
(197, 22, 'IT-651', '30742', 'Information Technology Lab ', 'Practical', 'MCA', 'SE', 1),
(198, 14, 'MS311', '30676', 'Principles of Management', 'Theory', 'BTECH', 'ECE', 5),
(199, 23, 'HS 101', 'USICT30012', 'Communications Skills I', 'Theory', 'BTECH', 'ECE', 1),
(200, 23, 'BA 105', 'USICT30011', 'Theory and Technology of Semiconductors', 'Theory', 'BTECH', 'ECE', 1),
(202, 23, 'EC 107', '30762', 'Network Analysis', 'Theory', 'BTECH', 'ECE', 1),
(203, 23, 'BA 109', 'USICT30010', 'Mathematics I', 'Theory', 'BTECH', 'ECE', 1),
(204, 23, 'BA 111', '30568', 'Physics - I', 'Theory', 'BTECH', 'ECE', 1),
(205, 23, 'HS 119', '30491', 'Impact of Science and Technology on Society', 'Theory', 'BTECH', 'ECE', 1),
(206, 23, 'BA 151', 'USICT30011', 'Theory and Technology of Semiconductors Lab', 'Practical', 'BTECH', 'ECE', 1),
(207, 23, 'BA 153', '30568', 'Engineering Physics I Lab', 'Practical', 'BTECH', 'ECE', 1),
(208, 23, 'IT 155', '30739', 'Computer Lab', 'Practical', 'BTECH', 'ECE', 1),
(209, 23, 'IT 157', '30759', 'Engineering Graphics I Lab', 'Practical', 'BTECH', 'ECE', 1),
(210, 23, 'EC 159', '30762', 'Network Analysis Lab.', 'Practical', 'BTECH', 'ECE', 1),
(211, 23, 'HS 161', '30491', 'Communications Skills I Lab', 'Practical', 'BTECH', 'ECE', 1),
(212, 23, 'BA 111', '30554', 'Physics - I', 'Theory', 'BTECH', 'ECE', 1),
(213, 23, 'BA 153', 'USICT30011', 'Engineering Physics I Lab', 'Practical', 'BTECH', 'ECE', 1),
(214, 16, 'IT407', '30793', 'Artificial Intelligence', 'Theory', 'BTECH', 'ECE', 7);

-- --------------------------------------------------------

--
-- Table structure for table `usict_teacher`
--

CREATE TABLE `usict_teacher` (
  `instructor_id` varchar(20) NOT NULL,
  `name` varchar(100) NOT NULL,
  `email` varchar(100) DEFAULT NULL,
  `phone` varchar(100) DEFAULT NULL,
  `date_of_joining` varchar(25) NOT NULL,
  `password` varchar(200) NOT NULL,
  `designation` varchar(100) NOT NULL,
  `room_no` varchar(20) DEFAULT NULL,
  `isDean` tinyint(1) NOT NULL
) ENGINE=InnoDB DEFAULT CHARSET=latin1;

--
-- Dumping data for table `usict_teacher`
--

INSERT INTO `usict_teacher` (`instructor_id`, `name`, `email`, `phone`, `date_of_joining`, `password`, `designation`, `room_no`, `isDean`) VALUES
('30080', 'Dr Ramakishore', NULL, NULL, '11-02-2000 00:00:00', '$2a$08$TqHk4godBQ/ouxSrFtd3yuWGfo39JvS9KNaGOsSsOBnDljPvAe27y', 'Assosciate Professor', NULL, 0),
('30092', 'Dr Bharti Suri', NULL, NULL, '15-07-1999 00:00:00', '$2a$08$TqHk4godBQ/ouxSrFtd3yuWGfo39JvS9KNaGOsSsOBnDljPvAe27y', 'Assosciate Professor', NULL, 0),
('30093', 'Dr Sanjay Malik', NULL, NULL, '15-07-1999 00:00:00', '$2a$08$TqHk4godBQ/ouxSrFtd3yuWGfo39JvS9KNaGOsSsOBnDljPvAe27y', 'Assistant Professor', NULL, 0),
('30104', 'Dr Pravin Chandra', NULL, NULL, '12-07-1999 00:00:00', '$2a$08$TqHk4godBQ/ouxSrFtd3yuWGfo39JvS9KNaGOsSsOBnDljPvAe27y', 'Professor', NULL, 0),
('30109', 'Dr C S Rai', NULL, NULL, '09-07-1999 00:00:00', '$2a$08$TqHk4godBQ/ouxSrFtd3yuWGfo39JvS9KNaGOsSsOBnDljPvAe27y', 'Professor', NULL, 0),
('30118', 'Dr BVR Reddy', NULL, NULL, '29-10-1999 00:00:00', '$2a$08$TqHk4godBQ/ouxSrFtd3yuWGfo39JvS9KNaGOsSsOBnDljPvAe27y', 'Professor', NULL, 0),
('30188', 'Dr Naveen Rajpal', NULL, NULL, '26-07-2000 00:00:00', '$2a$08$TqHk4godBQ/ouxSrFtd3yuWGfo39JvS9KNaGOsSsOBnDljPvAe27y', 'Professor', NULL, 0),
('30204', 'Dr Arvinder Kaur', NULL, NULL, '28-11-2000 00:00:00', '$2a$08$TqHk4godBQ/ouxSrFtd3yuWGfo39JvS9KNaGOsSsOBnDljPvAe27y', 'Professor', NULL, 1),
('30220', 'Dr P S Bharti', NULL, NULL, '23-04-2001 00:00:00', '$2a$08$TqHk4godBQ/ouxSrFtd3yuWGfo39JvS9KNaGOsSsOBnDljPvAe27y', 'Assosciate Professor', NULL, 0),
('30228', 'Dr Amit Prakash Singh', NULL, NULL, '23-07-2001 00:00:00', '$2a$08$TqHk4godBQ/ouxSrFtd3yuWGfo39JvS9KNaGOsSsOBnDljPvAe27y', 'Assosciate Professor', NULL, 0),
('30259', 'Dr. Abha Aggarwal', 'abhaaggarwal27@gmail.com', '9999261618', '13/8/2004', '$2a$08$TqHk4godBQ/ouxSrFtd3yuWGfo39JvS9KNaGOsSsOBnDljPvAe27y', 'Assistant Professor', NULL, 0),
('30286', 'Dr Sartaj Sodhi', NULL, NULL, '06-06-2005 00:00:00', '$2a$08$TqHk4godBQ/ouxSrFtd3yuWGfo39JvS9KNaGOsSsOBnDljPvAe27y', 'Assistant Professor', NULL, 0),
('30296', 'Dr Anjana Gosain', NULL, NULL, '01-08-2002 00:00:00', '$2a$08$TqHk4godBQ/ouxSrFtd3yuWGfo39JvS9KNaGOsSsOBnDljPvAe27y', 'Professor', NULL, 0),
('30303', 'Dr Udyan Ghose', NULL, NULL, '25-07-2002 00:00:00', '$2a$08$TqHk4godBQ/ouxSrFtd3yuWGfo39JvS9KNaGOsSsOBnDljPvAe27y', 'Assosciate Professor', NULL, 0),
('30445', 'Dr Anju Saha', NULL, NULL, '15-10-2004 00:00:00', '$2a$08$TqHk4godBQ/ouxSrFtd3yuWGfo39JvS9KNaGOsSsOBnDljPvAe27y', 'Assosciate Professor', NULL, 0),
('30466', 'Dr Anurag Jain', NULL, NULL, '05-04-2005 00:00:00', '$2a$08$TqHk4godBQ/ouxSrFtd3yuWGfo39JvS9KNaGOsSsOBnDljPvAe27y', 'Assistant Professor', NULL, 0),
('30474', 'Dr Rinkaj Goyal', NULL, NULL, '07-06-2005 00:00:00', '$2a$08$TqHk4godBQ/ouxSrFtd3yuWGfo39JvS9KNaGOsSsOBnDljPvAe27y', 'Assistant Professor', NULL, 0),
('30475', 'Dr Ravindra Purwar', NULL, NULL, '15-06-2005 00:00:00', '$2a$08$TqHk4godBQ/ouxSrFtd3yuWGfo39JvS9KNaGOsSsOBnDljPvAe27y', 'Assosciate Professor', NULL, 0),
('30476', 'Dr. Arif Ali Khan', NULL, NULL, '00/00/00', '$2a$08$TqHk4godBQ/ouxSrFtd3yuWGfo39JvS9KNaGOsSsOBnDljPvAe27y', 'Assistant Professor', NULL, 0),
('30491', 'Dr Shuchi Sharma\r\n\r\n\r\n', NULL, NULL, '00/00/00', '$2a$08$TqHk4godBQ/ouxSrFtd3yuWGfo39JvS9KNaGOsSsOBnDljPvAe27y', '.', NULL, 0),
('30492', 'Dr Ashish Payal', NULL, NULL, '26-07-2005 00:00:00', '$2a$08$TqHk4godBQ/ouxSrFtd3yuWGfo39JvS9KNaGOsSsOBnDljPvAe27y', 'Assistant Professor', NULL, 0),
('30494', 'Mr Parijat Mathur', NULL, NULL, '14-06-2005 00:00:00', '$2a$08$TqHk4godBQ/ouxSrFtd3yuWGfo39JvS9KNaGOsSsOBnDljPvAe27y', 'Assistant Professor', NULL, 0),
('30536', 'Ms Jyotsna Yadav', NULL, NULL, '02-08-2006 00:00:00', '$2a$08$TqHk4godBQ/ouxSrFtd3yuWGfo39JvS9KNaGOsSsOBnDljPvAe27y', 'Assistant Professor', NULL, 0),
('30543', 'Dr R L Ujjwal', NULL, NULL, '01-09-2006 00:00:00', '$2a$08$TqHk4godBQ/ouxSrFtd3yuWGfo39JvS9KNaGOsSsOBnDljPvAe27y', 'Assistant Professor', NULL, 0),
('30554', 'Mr. Neeleshwar', NULL, NULL, '00/00/00', '$2a$08$TqHk4godBQ/ouxSrFtd3yuWGfo39JvS9KNaGOsSsOBnDljPvAe27y', '.', NULL, 0),
('30564', 'Dr M Balakrishna', NULL, NULL, '30-11-2006 |', '$2a$08$TqHk4godBQ/ouxSrFtd3yuWGfo39JvS9KNaGOsSsOBnDljPvAe27y', 'Assistant Professor', NULL, 0),
('30566', 'Ms Reena Gupta', NULL, NULL, '27-11-2006 00:00:00', '$2a$08$TqHk4godBQ/ouxSrFtd3yuWGfo39JvS9KNaGOsSsOBnDljPvAe27y', 'Assistant Professor', NULL, 0),
('30568', 'Dr. Anjana Bagga', NULL, NULL, '00/00/00', '$2a$08$TqHk4godBQ/ouxSrFtd3yuWGfo39JvS9KNaGOsSsOBnDljPvAe27y', '.', NULL, 0),
('30585', 'Ms Anuradha Chug', NULL, NULL, '10-08-2007 00:00:00', '$2a$08$TqHk4godBQ/ouxSrFtd3yuWGfo39JvS9KNaGOsSsOBnDljPvAe27y', 'Assistant Professor', NULL, 0),
('30594', 'Dr Gulshan Kumar', NULL, NULL, '00/00/00', '$2a$08$TqHk4godBQ/ouxSrFtd3yuWGfo39JvS9KNaGOsSsOBnDljPvAe27y', 'Assistant Professor', NULL, 0),
('30597', 'Mr Rahul Johari', 'rahul@ipu.ac.in', '9910185349', '05-09-2007 00:00:00', '$2a$08$TqHk4godBQ/ouxSrFtd3yuWGfo39JvS9KNaGOsSsOBnDljPvAe27y', 'Assistant Professor', 'E 103', 0),
('30610', 'Ms Priyanka Bhutani', NULL, NULL, '04-02-2008 00:00:00', '$2a$08$TqHk4godBQ/ouxSrFtd3yuWGfo39JvS9KNaGOsSsOBnDljPvAe27y', 'Assistant Professor', NULL, 0),
('30617', 'Dr Vandana Nath', NULL, NULL, '17-07-2008 00:00:00', '$2a$08$TqHk4godBQ/ouxSrFtd3yuWGfo39JvS9KNaGOsSsOBnDljPvAe27y', 'Assistant Professor', NULL, 0),
('30618', 'Dr Kamaldeep Kaur', NULL, NULL, '17-07-2008 00:00:00', '$2a$08$TqHk4godBQ/ouxSrFtd3yuWGfo39JvS9KNaGOsSsOBnDljPvAe27y', 'Assistant Professor', NULL, 0),
('30621', 'Dr. Rajiv Ranjan', NULL, NULL, '00/00/00', '$2a$08$TqHk4godBQ/ouxSrFtd3yuWGfo39JvS9KNaGOsSsOBnDljPvAe27y', 'Assistant Professor', NULL, 0),
('30676 ', 'Shilpa Jain\r\n', NULL, NULL, '00/00/00', '$2a$08$TqHk4godBQ/ouxSrFtd3yuWGfo39JvS9KNaGOsSsOBnDljPvAe27y', '.', NULL, 0),
('30706', 'Ms Ruchi Sehrawat', NULL, NULL, '23-11-2010 00:00:00', '$2a$08$TqHk4godBQ/ouxSrFtd3yuWGfo39JvS9KNaGOsSsOBnDljPvAe27y', 'Assistant Professor', NULL, 0),
('30707', 'Ms Mansi Jhamb', NULL, NULL, '19-11-2010 00:00:00', '$2a$08$TqHk4godBQ/ouxSrFtd3yuWGfo39JvS9KNaGOsSsOBnDljPvAe27y', 'Assistant Professor', NULL, 0),
('30709', 'Ms Jasprreeti Singh', NULL, NULL, '22-11-2010 00:00:00', '$2a$08$TqHk4godBQ/ouxSrFtd3yuWGfo39JvS9KNaGOsSsOBnDljPvAe27y', 'Assistant Professor', NULL, 0),
('30714', 'Ms Asna Furqan', NULL, NULL, '31-05-2011 00:00:00', '$2a$08$TqHk4godBQ/ouxSrFtd3yuWGfo39JvS9KNaGOsSsOBnDljPvAe27y', 'Assistant Professor', NULL, 0),
('30733', 'Ms Geetanjali Chopra', NULL, NULL, '03-08-2015 00:00:00', '$2a$08$TqHk4godBQ/ouxSrFtd3yuWGfo39JvS9KNaGOsSsOBnDljPvAe27y', 'Assistant Professor', NULL, 0),
('30734', 'Ms Shimpee Seema', NULL, NULL, '03-08-2015 00:00:00', '$2a$08$TqHk4godBQ/ouxSrFtd3yuWGfo39JvS9KNaGOsSsOBnDljPvAe27y', 'Assistant Professor', NULL, 0),
('30739', 'Ms Khyati Ahlawat', NULL, NULL, '03-08-2015 00:00:00', '$2a$08$TqHk4godBQ/ouxSrFtd3yuWGfo39JvS9KNaGOsSsOBnDljPvAe27y', 'Assistant Professor', NULL, 0),
('30740', 'Ms Sonika', NULL, NULL, '03-08-2015 00:00:00', '$2a$08$TqHk4godBQ/ouxSrFtd3yuWGfo39JvS9KNaGOsSsOBnDljPvAe27y', 'Assistant Professor', NULL, 0),
('30741', 'Mr Ashish Joshi', 'ashish.j@ipu.ac.in', '9654869700', '03-08-2015 00:00:00', '$2a$08$TqHk4godBQ/ouxSrFtd3yuWGfo39JvS9KNaGOsSsOBnDljPvAe27y', 'Assistant Professor', 'E-602', 0),
('30742', 'Mr Avinash', NULL, NULL, '19-08-2013 00:00:00', '$2a$08$TqHk4godBQ/ouxSrFtd3yuWGfo39JvS9KNaGOsSsOBnDljPvAe27y', 'Assistant Professor', NULL, 0),
('30746', 'Mr Syed Amirrudin', NULL, NULL, '03-08-2015 00:00:00', '$2a$08$TqHk4godBQ/ouxSrFtd3yuWGfo39JvS9KNaGOsSsOBnDljPvAe27y', 'Assistant Professor', NULL, 0),
('30747', 'Dr Manoj Taleja', NULL, NULL, '30-08-2013 00:00:00', '$2a$08$TqHk4godBQ/ouxSrFtd3yuWGfo39JvS9KNaGOsSsOBnDljPvAe27y', 'Assosciate Professor', NULL, 0),
('30750', 'Dr V Vishwakarma', NULL, NULL, '06-09-2013 00:00:00', '$2a$08$TqHk4godBQ/ouxSrFtd3yuWGfo39JvS9KNaGOsSsOBnDljPvAe27y', 'Assosciate Professor', NULL, 0),
('30759', 'Dr Manoj Satyarthi', NULL, NULL, '10-10-2013 00:00:00', '$2a$08$TqHk4godBQ/ouxSrFtd3yuWGfo39JvS9KNaGOsSsOBnDljPvAe27y', 'Assistant Professor', NULL, 0),
('30761', 'Mr Shiv Ram Meena', NULL, NULL, '20-12-2013 00:00:00', '$2a$08$TqHk4godBQ/ouxSrFtd3yuWGfo39JvS9KNaGOsSsOBnDljPvAe27y', 'Assistant Professor', NULL, 0),
('30762', 'Mr Chakresh', NULL, NULL, '01-01-2014 00:00:00', '$2a$08$TqHk4godBQ/ouxSrFtd3yuWGfo39JvS9KNaGOsSsOBnDljPvAe27y', 'Assistant Professor', NULL, 0),
('30767', 'Ms Shweta Dabas', NULL, NULL, '23-12-2013 |', '$2a$08$TqHk4godBQ/ouxSrFtd3yuWGfo39JvS9KNaGOsSsOBnDljPvAe27y', 'Assistant Professor', NULL, 0),
('30771', 'Ms Priyanka Choudhary', NULL, NULL, '18-03-2014 00:00:00', '$2a$08$TqHk4godBQ/ouxSrFtd3yuWGfo39JvS9KNaGOsSsOBnDljPvAe27y', 'Assistant Professor', NULL, 0),
('30775', 'Mr Onkar', NULL, NULL, '04-08-2015 00:00:00', '$2a$08$TqHk4godBQ/ouxSrFtd3yuWGfo39JvS9KNaGOsSsOBnDljPvAe27y', 'Assistant Professor', NULL, 0),
('30776', 'Mr Dileep Kumar Dwivedi', NULL, NULL, '04-08-2015 00:00:00', '$2a$08$TqHk4godBQ/ouxSrFtd3yuWGfo39JvS9KNaGOsSsOBnDljPvAe27y', 'Assistant Professor', NULL, 0),
('30777', 'Mr Pankaj Kumar Singh', NULL, NULL, '04-08-2015 00:00:00', '$2a$08$TqHk4godBQ/ouxSrFtd3yuWGfo39JvS9KNaGOsSsOBnDljPvAe27y', 'Assistant Professor', NULL, 0),
('30778', 'Mr Kaushik Midya', NULL, NULL, '04-08-2015 00:00:00', '$2a$08$TqHk4godBQ/ouxSrFtd3yuWGfo39JvS9KNaGOsSsOBnDljPvAe27y', 'Assistant Professor', NULL, 0),
('30779', 'Mr Priyank', NULL, NULL, '04-08-2015 00:00:00', '$2a$08$TqHk4godBQ/ouxSrFtd3yuWGfo39JvS9KNaGOsSsOBnDljPvAe27y', 'Assistant Professor', NULL, 0),
('30793', 'Mr Amrit Pal Singh', NULL, NULL, '30-08-2016 00:00:00', '$2a$08$TqHk4godBQ/ouxSrFtd3yuWGfo39JvS9KNaGOsSsOBnDljPvAe27y', 'Assistant Professor', NULL, 0),
('30794', 'Ms Varsha Sisaudia', NULL, NULL, '31-08-2016 00:00:00', '$2a$08$TqHk4godBQ/ouxSrFtd3yuWGfo39JvS9KNaGOsSsOBnDljPvAe27y', 'Assistant Professor', NULL, 0),
('30795', 'Ms Anjali Jain', NULL, NULL, '30-08-2016 00:00:00', '$2a$08$TqHk4godBQ/ouxSrFtd3yuWGfo39JvS9KNaGOsSsOBnDljPvAe27y', 'Assistant Professor', NULL, 0),
('BT300006', 'Mr. Deshraj', NULL, NULL, '00/00/00', '$2a$08$TqHk4godBQ/ouxSrFtd3yuWGfo39JvS9KNaGOsSsOBnDljPvAe27y', 'Research Scholar', NULL, 0),
('USICT30002', 'Mr Deepak', NULL, NULL, '00/00/00', '$2a$08$TqHk4godBQ/ouxSrFtd3yuWGfo39JvS9KNaGOsSsOBnDljPvAe27y', 'Research Scholar', NULL, 0),
('USICT30003', 'Apeksha Mittal', NULL, NULL, '00/00/00', '$2a$08$TqHk4godBQ/ouxSrFtd3yuWGfo39JvS9KNaGOsSsOBnDljPvAe27y', 'Research Scholar', NULL, 0),
('USICT30004', 'Ms Madhuri', NULL, NULL, '00/00/00', '$2a$08$TqHk4godBQ/ouxSrFtd3yuWGfo39JvS9KNaGOsSsOBnDljPvAe27y', 'Research Scholar', NULL, 0),
('USICT30005', 'Heena', NULL, NULL, '00/00/00', '$2a$08$TqHk4godBQ/ouxSrFtd3yuWGfo39JvS9KNaGOsSsOBnDljPvAe27y', 'Research Scholar', NULL, 0),
('USICT30006', 'MR. Amit', NULL, NULL, '00/00/00', '$2a$08$TqHk4godBQ/ouxSrFtd3yuWGfo39JvS9KNaGOsSsOBnDljPvAe27y', '.', NULL, 0),
('USICT30008', 'MR. SUDESH', NULL, NULL, '00/00/00', '$2a$08$TqHk4godBQ/ouxSrFtd3yuWGfo39JvS9KNaGOsSsOBnDljPvAe27y', 'RESEARCH SCHOLAR', NULL, 0),
('USICT30009', 'BARNALI', NULL, NULL, '00/00/00', '$2a$08$TqHk4godBQ/ouxSrFtd3yuWGfo39JvS9KNaGOsSsOBnDljPvAe27y', '.', NULL, 0),
('USICT30010', 'Dr. Amit Rai', NULL, NULL, '00/00/00', '$2a$08$TqHk4godBQ/ouxSrFtd3yuWGfo39JvS9KNaGOsSsOBnDljPvAe27y', ' ', NULL, 0),
('USICT30011', 'KP PANDEY', NULL, NULL, '00/00/00', '$2a$08$TqHk4godBQ/ouxSrFtd3yuWGfo39JvS9KNaGOsSsOBnDljPvAe27y', '.', NULL, 0),
('USICT30012', 'BARNA SHREE', NULL, NULL, '00/00/00', '$2a$08$TqHk4godBQ/ouxSrFtd3yuWGfo39JvS9KNaGOsSsOBnDljPvAe27y', '.', NULL, 0);

--
-- Indexes for dumped tables
--

--
-- Indexes for table `auth_group`
--
ALTER TABLE `auth_group`
  ADD PRIMARY KEY (`id`),
  ADD UNIQUE KEY `name` (`name`);

--
-- Indexes for table `auth_group_permissions`
--
ALTER TABLE `auth_group_permissions`
  ADD PRIMARY KEY (`id`),
  ADD UNIQUE KEY `auth_group_permissions_group_id_permission_id_0cd325b0_uniq` (`group_id`,`permission_id`),
  ADD KEY `auth_group_permissio_permission_id_84c5c92e_fk_auth_perm` (`permission_id`);

--
-- Indexes for table `auth_permission`
--
ALTER TABLE `auth_permission`
  ADD PRIMARY KEY (`id`),
  ADD UNIQUE KEY `auth_permission_content_type_id_codename_01ab375a_uniq` (`content_type_id`,`codename`);

--
-- Indexes for table `auth_user`
--
ALTER TABLE `auth_user`
  ADD PRIMARY KEY (`id`),
  ADD UNIQUE KEY `username` (`username`);

--
-- Indexes for table `auth_user_groups`
--
ALTER TABLE `auth_user_groups`
  ADD PRIMARY KEY (`id`),
  ADD UNIQUE KEY `auth_user_groups_user_id_group_id_94350c0c_uniq` (`user_id`,`group_id`),
  ADD KEY `auth_user_groups_group_id_97559544_fk_auth_group_id` (`group_id`);

--
-- Indexes for table `auth_user_user_permissions`
--
ALTER TABLE `auth_user_user_permissions`
  ADD PRIMARY KEY (`id`),
  ADD UNIQUE KEY `auth_user_user_permissions_user_id_permission_id_14a6b632_uniq` (`user_id`,`permission_id`),
  ADD KEY `auth_user_user_permi_permission_id_1fbb5f2c_fk_auth_perm` (`permission_id`);

--
-- Indexes for table `django_admin_log`
--
ALTER TABLE `django_admin_log`
  ADD PRIMARY KEY (`id`),
  ADD KEY `django_admin_log_content_type_id_c4bce8eb_fk_django_co` (`content_type_id`),
  ADD KEY `django_admin_log_user_id_c564eba6_fk_auth_user_id` (`user_id`);

--
-- Indexes for table `django_content_type`
--
ALTER TABLE `django_content_type`
  ADD PRIMARY KEY (`id`),
  ADD UNIQUE KEY `django_content_type_app_label_model_76bd3d3b_uniq` (`app_label`,`model`);

--
-- Indexes for table `django_migrations`
--
ALTER TABLE `django_migrations`
  ADD PRIMARY KEY (`id`);

--
-- Indexes for table `django_session`
--
ALTER TABLE `django_session`
  ADD PRIMARY KEY (`session_key`),
  ADD KEY `django_session_expire_date_a5c62663` (`expire_date`);

--
-- Indexes for table `sessions`
--
ALTER TABLE `sessions`
  ADD PRIMARY KEY (`session_id`);

--
-- Indexes for table `usict_attendance`
--
ALTER TABLE `usict_attendance`
  ADD PRIMARY KEY (`id`),
  ADD UNIQUE KEY `usict_attendance_subject_id_lecture_times_ce5a8aee_uniq` (`subject_id`,`lecture_timestamp`,`student`),
  ADD KEY `usict_attendance_student_dedd8d49_fk_usict_stu` (`student`);

--
-- Indexes for table `usict_batch_allocation`
--
ALTER TABLE `usict_batch_allocation`
  ADD PRIMARY KEY (`batch_id`);

--
-- Indexes for table `usict_students`
--
ALTER TABLE `usict_students`
  ADD PRIMARY KEY (`enrollment_no`),
  ADD KEY `usict_students_batch_id_c3d7c0e8_fk_usict_bat` (`batch_id`);

--
-- Indexes for table `usict_subject_allocation`
--
ALTER TABLE `usict_subject_allocation`
  ADD PRIMARY KEY (`subject_id`),
  ADD KEY `usict_subject_alloca_batch_id_e17d645d_fk_usict_bat` (`batch_id`),
  ADD KEY `usict_subject_alloca_instructor_code_e0b04125_fk_usict_tea` (`instructor_code`);

--
-- Indexes for table `usict_teacher`
--
ALTER TABLE `usict_teacher`
  ADD PRIMARY KEY (`instructor_id`);

--
-- AUTO_INCREMENT for dumped tables
--

--
-- AUTO_INCREMENT for table `auth_group`
--
ALTER TABLE `auth_group`
  MODIFY `id` int(11) NOT NULL AUTO_INCREMENT;

--
-- AUTO_INCREMENT for table `auth_group_permissions`
--
ALTER TABLE `auth_group_permissions`
  MODIFY `id` int(11) NOT NULL AUTO_INCREMENT;

--
-- AUTO_INCREMENT for table `auth_permission`
--
ALTER TABLE `auth_permission`
  MODIFY `id` int(11) NOT NULL AUTO_INCREMENT, AUTO_INCREMENT=37;

--
-- AUTO_INCREMENT for table `auth_user`
--
ALTER TABLE `auth_user`
  MODIFY `id` int(11) NOT NULL AUTO_INCREMENT, AUTO_INCREMENT=3;

--
-- AUTO_INCREMENT for table `auth_user_groups`
--
ALTER TABLE `auth_user_groups`
  MODIFY `id` int(11) NOT NULL AUTO_INCREMENT;

--
-- AUTO_INCREMENT for table `auth_user_user_permissions`
--
ALTER TABLE `auth_user_user_permissions`
  MODIFY `id` int(11) NOT NULL AUTO_INCREMENT;

--
-- AUTO_INCREMENT for table `django_admin_log`
--
ALTER TABLE `django_admin_log`
  MODIFY `id` int(11) NOT NULL AUTO_INCREMENT;

--
-- AUTO_INCREMENT for table `django_content_type`
--
ALTER TABLE `django_content_type`
  MODIFY `id` int(11) NOT NULL AUTO_INCREMENT, AUTO_INCREMENT=13;

--
-- AUTO_INCREMENT for table `django_migrations`
--
ALTER TABLE `django_migrations`
  MODIFY `id` int(11) NOT NULL AUTO_INCREMENT, AUTO_INCREMENT=16;

--
-- AUTO_INCREMENT for table `usict_attendance`
--
ALTER TABLE `usict_attendance`
  MODIFY `id` int(11) NOT NULL AUTO_INCREMENT, AUTO_INCREMENT=1419;

--
-- Constraints for dumped tables
--

--
-- Constraints for table `auth_group_permissions`
--
ALTER TABLE `auth_group_permissions`
  ADD CONSTRAINT `auth_group_permissio_permission_id_84c5c92e_fk_auth_perm` FOREIGN KEY (`permission_id`) REFERENCES `auth_permission` (`id`),
  ADD CONSTRAINT `auth_group_permissions_group_id_b120cbf9_fk_auth_group_id` FOREIGN KEY (`group_id`) REFERENCES `auth_group` (`id`);

--
-- Constraints for table `auth_permission`
--
ALTER TABLE `auth_permission`
  ADD CONSTRAINT `auth_permission_content_type_id_2f476e4b_fk_django_co` FOREIGN KEY (`content_type_id`) REFERENCES `django_content_type` (`id`);

--
-- Constraints for table `auth_user_groups`
--
ALTER TABLE `auth_user_groups`
  ADD CONSTRAINT `auth_user_groups_group_id_97559544_fk_auth_group_id` FOREIGN KEY (`group_id`) REFERENCES `auth_group` (`id`),
  ADD CONSTRAINT `auth_user_groups_user_id_6a12ed8b_fk_auth_user_id` FOREIGN KEY (`user_id`) REFERENCES `auth_user` (`id`);

--
-- Constraints for table `auth_user_user_permissions`
--
ALTER TABLE `auth_user_user_permissions`
  ADD CONSTRAINT `auth_user_user_permi_permission_id_1fbb5f2c_fk_auth_perm` FOREIGN KEY (`permission_id`) REFERENCES `auth_permission` (`id`),
  ADD CONSTRAINT `auth_user_user_permissions_user_id_a95ead1b_fk_auth_user_id` FOREIGN KEY (`user_id`) REFERENCES `auth_user` (`id`);

--
-- Constraints for table `django_admin_log`
--
ALTER TABLE `django_admin_log`
  ADD CONSTRAINT `django_admin_log_content_type_id_c4bce8eb_fk_django_co` FOREIGN KEY (`content_type_id`) REFERENCES `django_content_type` (`id`),
  ADD CONSTRAINT `django_admin_log_user_id_c564eba6_fk_auth_user_id` FOREIGN KEY (`user_id`) REFERENCES `auth_user` (`id`);

--
-- Constraints for table `usict_attendance`
--
ALTER TABLE `usict_attendance`
  ADD CONSTRAINT `usict_attendance_student_dedd8d49_fk_usict_stu` FOREIGN KEY (`student`) REFERENCES `usict_students` (`enrollment_no`),
  ADD CONSTRAINT `usict_attendance_subject_id_c0ffb5d8_fk_usict_sub` FOREIGN KEY (`subject_id`) REFERENCES `usict_subject_allocation` (`subject_id`);

--
-- Constraints for table `usict_students`
--
ALTER TABLE `usict_students`
  ADD CONSTRAINT `usict_students_batch_id_c3d7c0e8_fk_usict_bat` FOREIGN KEY (`batch_id`) REFERENCES `usict_batch_allocation` (`batch_id`);

--
-- Constraints for table `usict_subject_allocation`
--
ALTER TABLE `usict_subject_allocation`
  ADD CONSTRAINT `usict_subject_alloca_batch_id_e17d645d_fk_usict_bat` FOREIGN KEY (`batch_id`) REFERENCES `usict_batch_allocation` (`batch_id`),
  ADD CONSTRAINT `usict_subject_alloca_instructor_code_e0b04125_fk_usict_tea` FOREIGN KEY (`instructor_code`) REFERENCES `usict_teacher` (`instructor_id`);
COMMIT;

/*!40101 SET CHARACTER_SET_CLIENT=@OLD_CHARACTER_SET_CLIENT */;
/*!40101 SET CHARACTER_SET_RESULTS=@OLD_CHARACTER_SET_RESULTS */;
/*!40101 SET COLLATION_CONNECTION=@OLD_COLLATION_CONNECTION */;
